"","p_val","avg_log2FC","pct.1","pct.2","p_val_adj","cluster","gene"
"CD3D",0,1.06411293409143,0.845,0.406,0,"0","CD3D"
"CCR7",0,2.39736569074813,0.447,0.108,0,"0","CCR7"
"CD3E",0,1.04352902326393,0.731,0.4,0,"0","CD3E"
"LDHB",0,1.20601893421376,0.912,0.592,0,"0","LDHB"
"CD7",0,0.876490554133847,0.582,0.293,0,"0","CD7"
"IL7R",0,0.902346696046702,0.604,0.332,0,"0","IL7R"
"NOSIP",0,1.19891324066858,0.629,0.359,0,"0","NOSIP"
"LTB",0,0.391925971190557,0.898,0.636,0,"0","LTB"
"PIK3IP1",0,1.52619972692082,0.443,0.185,0,"0","PIK3IP1"
"LEF1",0,2.13652967588241,0.342,0.103,0,"0","LEF1"
"PRKCQ-AS1",0,1.9853073488952,0.33,0.112,0,"0","PRKCQ-AS1"
"TCF7",0,1.33771220403719,0.393,0.177,0,"0","TCF7"
"CD27",0,0.923462347812656,0.399,0.184,0,"0","CD27"
"C6orf48",0,0.932040863138954,0.699,0.492,0,"0","C6orf48"
"AES",0,0.665465123241869,0.64,0.442,0,"0","AES"
"LEPROTL1",0,1.10199651702594,0.404,0.209,0,"0","LEPROTL1"
"LCK",0,0.807340191175603,0.504,0.311,0,"0","LCK"
"SELL",0,0.527017347655632,0.608,0.425,0,"0","SELL"
"MAL",0,1.95636752128716,0.268,0.087,0,"0","MAL"
"RGCC",0,1.05390475623038,0.36,0.185,0,"0","RGCC"
"GIMAP5",0,0.825609391420831,0.415,0.241,0,"0","GIMAP5"
"C12orf57",0,1.1084863088827,0.425,0.258,0,"0","C12orf57"
"TMEM123",0,0.769931576902596,0.55,0.385,0,"0","TMEM123"
"RHOH",0,1.04677036740863,0.37,0.208,0,"0","RHOH"
"NDFIP1",0,1.05763450128982,0.444,0.283,0,"0","NDFIP1"
"CD3G",0,0.873794973001624,0.338,0.178,0,"0","CD3G"
"RPSAP58",0,0.588089144920312,0.845,0.698,0,"0","RPSAP58"
"TMEM66",0,0.824690568522161,0.846,0.7,0,"0","TMEM66"
"FLT3LG",0,1.35868439886823,0.276,0.137,0,"0","FLT3LG"
"RPL22",0,0.732067868008857,0.911,0.777,0,"0","RPL22"
"NPM1",0,0.815326090312099,0.921,0.798,0,"0","NPM1"
"GLTSCR2",0,0.620652560292021,0.92,0.803,0,"0","GLTSCR2"
"RPS21",0,0.535228056938789,0.94,0.839,0,"0","RPS21"
"RPS29",0,0.7801951987353,0.993,0.904,0,"0","RPS29"
"BTG1",0,0.626258935417263,0.944,0.859,0,"0","BTG1"
"EEF1B2",0,0.584034431853515,0.947,0.867,0,"0","EEF1B2"
"TOMM7",0,0.470323635952043,0.838,0.758,0,"0","TOMM7"
"RPL36A",0,0.598640412856037,0.965,0.887,0,"0","RPL36A"
"RPL38",0,0.549429350453165,0.947,0.874,0,"0","RPL38"
"RPS4Y1",0,0.49523299182755,0.94,0.869,0,"0","RPS4Y1"
"RPS26",0,0.51845726062175,0.965,0.898,0,"0","RPS26"
"RPLP0",0,0.549277017765888,0.988,0.938,0,"0","RPLP0"
"RPS20",0,0.694261067643774,0.988,0.943,0,"0","RPS20"
"RPL37",0,0.429035782748769,0.987,0.943,0,"0","RPL37"
"RPL37A",0,0.396611457532883,0.987,0.945,0,"0","RPL37A"
"RPSA",0,0.583512421548396,0.99,0.948,0,"0","RPSA"
"RPL24",0,0.431917354065279,0.984,0.942,0,"0","RPL24"
"RPL36",0,0.557539859164788,0.99,0.948,0,"0","RPL36"
"HNRNPA1",0,0.32224083873453,0.961,0.919,0,"0","HNRNPA1"
"RPL4",0,0.543569945971778,0.994,0.956,0,"0","RPL4"
"RPL31",0,0.775754415240304,0.997,0.964,0,"0","RPL31"
"RPS27A",0,0.745480376231418,0.994,0.967,0,"0","RPS27A"
"RPL9",0,0.771433773926731,0.997,0.971,0,"0","RPL9"
"RPL35",0,0.413592014615173,0.991,0.965,0,"0","RPL35"
"RPS28",0,0.660562935916748,0.993,0.968,0,"0","RPS28"
"RPL34",0,0.592990033369222,0.927,0.904,0,"0","RPL34"
"RPS10",0,0.534315390537821,0.991,0.968,0,"0","RPS10"
"RPS13",0,0.715965479063549,0.985,0.962,0,"0","RPS13"
"RPL27",0,0.370671578420735,0.975,0.952,0,"0","RPL27"
"RPS3A",0,0.801027013677765,0.997,0.975,0,"0","RPS3A"
"RPS25",0,0.768994036024559,0.997,0.975,0,"0","RPS25"
"RPL17",0,0.467452297086463,0.978,0.957,0,"0","RPL17"
"RPS23",0,0.583006064516577,0.997,0.977,0,"0","RPS23"
"RPL30",0,0.68063936404087,1,0.98,0,"0","RPL30"
"RPL18",0,0.524928447309897,0.999,0.979,0,"0","RPL18"
"RPL5",0,0.613723530954799,0.988,0.969,0,"0","RPL5"
"RPL35A",0,0.587549237454393,0.999,0.981,0,"0","RPL35A"
"TPT1",0,0.611241837499504,0.997,0.982,0,"0","TPT1"
"RPS5",0,0.513814006282486,0.99,0.975,0,"0","RPS5"
"RPS15A",0,0.648472758820643,0.997,0.983,0,"0","RPS15A"
"RPS16",0,0.547422226176903,0.996,0.982,0,"0","RPS16"
"RPS8",0,0.434586918070971,0.997,0.984,0,"0","RPS8"
"RPL7",0,0.574818246994115,0.98,0.967,0,"0","RPL7"
"RPL23A",0,0.565771705702255,1,0.988,0,"0","RPL23A"
"JUNB",0,0.72578709917314,0.915,0.903,0,"0","JUNB"
"RPL14",0,0.444659821998271,0.996,0.985,0,"0","RPL14"
"RPL12",0,0.299262748360421,1,0.989,0,"0","RPL12"
"RPL27A",0,0.538688804231816,0.999,0.988,0,"0","RPL27A"
"RPS15",0,0.41637825547982,1,0.989,0,"0","RPS15"
"RPS7",0,0.27329933780481,0.997,0.987,0,"0","RPS7"
"RPL7A",0,0.326285669313309,0.985,0.975,0,"0","RPL7A"
"RPLP2",0,0.603163087514067,1,0.99,0,"0","RPLP2"
"RPS12",0,0.738706116231801,1,0.991,0,"0","RPS12"
"RPS27",0,0.737260374621277,0.999,0.992,0,"0","RPS27"
"RPL6",0,0.28671025442536,0.999,0.992,0,"0","RPL6"
"RPL18A",0,0.323458821404844,0.999,0.992,0,"0","RPL18A"
"RPS19",0,0.366090533482966,0.999,0.992,0,"0","RPS19"
"RPS14",0,0.633695708743574,1,0.994,0,"0","RPS14"
"RPL10A",0,0.531966525102187,0.991,0.985,0,"0","RPL10A"
"RPS3",0,0.598938447445117,1,0.994,0,"0","RPS3"
"RPL21",0,0.670953803880463,0.997,0.991,0,"0","RPL21"
"RPL19",0,0.402733142336633,0.999,0.993,0,"0","RPL19"
"RPL11",0,0.467074852193826,1,0.995,0,"0","RPL11"
"RPS4X",0,0.521558982869665,0.997,0.992,0,"0","RPS4X"
"RPS6",0,0.693452323885862,1,0.995,0,"0","RPS6"
"RPS2",0,0.33011414759982,1,0.995,0,"0","RPS2"
"RPL26",0,0.250705602357167,0.996,0.991,0,"0","RPL26"
"RPL32",0,0.626607542994588,0.999,0.995,0,"0","RPL32"
"RPS18",0,0.524265115420561,1,0.996,0,"0","RPS18"
"RPLP1",0,0.313020612646913,1,0.996,0,"0","RPLP1"
"RPL13",0,0.565987702941485,1,0.996,0,"0","RPL13"
"EEF1A1",0,0.535899863190999,0.994,0.991,0,"0","EEF1A1"
"RPL10",0,0.359266327498044,1,0.997,0,"0","RPL10"
"RPL3",0,0.613417471999005,0.997,0.995,0,"0","RPL3"
"MALAT1",0,0.649795482114626,1,0.999,0,"0","MALAT1"
"RPL13A",0,0.482264338935895,1,0.999,0,"0","RPL13A"
"RPL15",0,0.283149137494198,0.996,0.996,0,"0","RPL15"
"RGS10",2.22044604925031e-16,0.68483854152802,0.531,0.377,3.04511971194188e-12,"0","RGS10"
"TRAT1",2.22044604925031e-16,1.09741462245455,0.27,0.139,3.04511971194188e-12,"0","TRAT1"
"GYPC",6.66133814775094e-16,0.887812625975785,0.401,0.255,9.13535913582564e-12,"0","GYPC"
"HINT1",6.66133814775094e-16,0.512988164079715,0.734,0.61,9.13535913582564e-12,"0","HINT1"
"DNAJB1",2.44249065417534e-15,0.995483750143193,0.395,0.256,3.34963168313607e-11,"0","DNAJB1"
"EIF4A2",6.88338275267597e-15,0.537957893674049,0.74,0.606,9.43987110701983e-11,"0","EIF4A2"
"RPL23",2.39808173319034e-14,0.314887705355809,0.905,0.841,3.28872928889723e-10,"0","RPL23"
"EEF1D",1.0369483049999e-13,0.289487422781483,0.963,0.967,1.42207090547686e-09,"0","EEF1D"
"COMMD6",2.21378471110256e-13,0.503859371894375,0.68,0.575,3.03598435280605e-09,"0","COMMD6"
"OCIAD2",3.9324099532223e-13,0.759224967626893,0.325,0.192,5.39290700984907e-09,"0","OCIAD2"
"HSPA8",7.4673600636288e-13,0.418456423624835,0.769,0.642,1.02407375912605e-08,"0","HSPA8"
"PABPC1",2.07722727907367e-12,0.371103759327759,0.893,0.849,2.84870949052163e-08,"0","PABPC1"
"TRAF3IP3",3.20121706920418e-12,0.726235473588217,0.564,0.454,4.39014908870661e-08,"0","TRAF3IP3"
"FYB",3.81539244642681e-12,0.538517062047037,0.462,0.338,5.23242920102973e-08,"0","FYB"
"EVL",5.59263746424676e-12,0.512803300207195,0.633,0.497,7.66974301846801e-08,"0","EVL"
"SOD1",7.2970518516513e-12,0.577775007356964,0.598,0.483,1.00071769093546e-07,"0","SOD1"
"PRDX2",1.35007560686518e-11,0.759519406335101,0.38,0.259,1.8514936872549e-07,"0","PRDX2"
"ZFP36L2",1.77722281335946e-11,0.458361748360304,0.732,0.624,2.43728336624116e-07,"0","ZFP36L2"
"SLC2A3",3.35640404358628e-11,0.723303244968012,0.339,0.222,4.60297250537423e-07,"0","SLC2A3"
"CD2",8.34601276977764e-11,0.318697585439406,0.423,0.282,1.14457219124731e-06,"0","CD2"
"SRSF5",8.43078939993802e-11,0.304922199996738,0.788,0.715,1.1561984583075e-06,"0","SRSF5"
"PEBP1",1.30736532710785e-10,0.538995998629372,0.471,0.35,1.7929208095957e-06,"0","PEBP1"
"CXCR4",1.71771041834745e-10,0.326451327990993,0.697,0.567,2.35566806772169e-06,"0","CXCR4"
"ACAP1",2.04007255533156e-10,0.873620198681042,0.392,0.272,2.7977555023817e-06,"0","ACAP1"
"COX7C",3.57106122450546e-10,0.405238032846369,0.757,0.677,4.89735336328678e-06,"0","COX7C"
"LAT",5.93426863204627e-10,0.701844982109165,0.303,0.191,8.13825600198825e-06,"0","LAT"
"ST13",6.06088734755872e-10,0.727586660501766,0.48,0.376,8.31190090844203e-06,"0","ST13"
"GIMAP7",7.62037100088264e-10,0.321318333702552,0.621,0.512,1.04505767906105e-05,"0","GIMAP7"
"PSIP1",1.5232120009756e-09,0.915515313379856,0.26,0.164,2.08893293813794e-05,"0","PSIP1"
"SNRPD2",4.39652825257042e-09,0.447988978968181,0.636,0.546,6.02939884557507e-05,"0","SNRPD2"
"CYTIP",4.97682939304411e-09,0.404120918812191,0.424,0.314,6.8252238296207e-05,"0","CYTIP"
"DDX5",5.9085718540075e-09,0.299628429969306,0.87,0.794,8.10301544058589e-05,"0","DDX5"
"PPA1",8.4292059998603e-09,0.587729058654502,0.387,0.291,0.000115598131082084,"0","PPA1"
"BTG2",8.70379279760414e-09,0.637509194184918,0.437,0.336,0.000119363814426343,"0","BTG2"
"CD69",1.26869696970289e-08,0.39005114988852,0.455,0.328,0.000173989102425054,"0","CD69"
"JUN",1.42196652230808e-08,0.32896033152074,0.776,0.731,0.00019500848886933,"0","JUN"
"RSL1D1",1.6589084550489e-08,0.642623911172534,0.405,0.301,0.000227502705525406,"0","RSL1D1"
"EEF1G",2.13251394987068e-07,0.709541692601054,0.308,0.223,0.00292452963085266,"0","EEF1G"
"NBEAL1",3.14733080708507e-07,0.306253970903139,0.741,0.666,0.00431624946883646,"0","NBEAL1"
"UXT",4.94070655054912e-07,0.455069562206638,0.471,0.387,0.00677568496342307,"0","UXT"
"EIF3E",9.10132319287271e-07,0.542893763529029,0.433,0.356,0.0124815546267056,"0","EIF3E"
"CCDC109B",2.04716905982671e-06,0.689172996433523,0.387,0.306,0.0280748764864636,"0","CCDC109B"
"STK17A",4.10756679292135e-06,0.354691392170499,0.389,0.294,0.0563311709981233,"0","STK17A"
"SPOCK2",6.07409276920379e-06,0.60215809542796,0.27,0.188,0.0833001082368607,"0","SPOCK2"
"BTF3",9.11733475672527e-06,0.252218985100605,0.912,0.89,0.12503512885373,"0","BTF3"
"NDUFA2",1.18355010002004e-05,0.267304829456003,0.192,0.281,0.162312060716749,"0","NDUFA2"
"CUTA",2.41804325267214e-05,0.488752014896531,0.485,0.418,0.331610451671458,"0","CUTA"
"RPL41",2.45315700799775e-05,0.310900495052679,0.585,0.528,0.336425952076812,"0","RPL41"
"MZT2B",3.03730505244459e-05,0.492173120389892,0.427,0.359,0.416536014892252,"0","MZT2B"
"RARRES3",3.35359613403696e-05,0.255145893474529,0.541,0.448,0.459912173821829,"0","RARRES3"
"CITED2",4.60283913621407e-05,0.616024769191088,0.278,0.212,0.631233359140397,"0","CITED2"
"SNHG8",6.30313168137331e-05,0.752869920480254,0.301,0.233,0.864411478783536,"0","SNHG8"
"RPL39",9.96083111013402e-05,0.545513693489463,0.325,0.257,1,"0","RPL39"
"TMA7",0.000146655573259435,0.337215549531382,0.727,0.654,1,"0","TMA7"
"MZT2A",0.00017887826819285,0.463857852545252,0.308,0.245,1,"0","MZT2A"
"SBDS",0.000227902954489823,0.360287795795238,0.254,0.19,1,"0","SBDS"
"CCNI",0.000254110042129163,0.299968573587041,0.675,0.615,1,"0","CCNI"
"EIF2S3",0.0003241387455728,0.404738746432455,0.256,0.196,1,"0","EIF2S3"
"TOMM20",0.000350395889346267,0.462000009170035,0.313,0.256,1,"0","TOMM20"
"SON",0.000486900610035645,0.491181038500963,0.354,0.301,1,"0","SON"
"BIN1",0.000603341502835253,0.398100436619518,0.3,0.233,1,"0","BIN1"
"SF1",0.000648564453607836,0.451299535309917,0.348,0.292,1,"0","SF1"
"CDC42SE2",0.000703483805850169,0.343686462142007,0.279,0.217,1,"0","CDC42SE2"
"CMPK1",0.000869622063707221,0.340508652735782,0.421,0.362,1,"0","CMPK1"
"GIMAP4",0.000986178312541552,0.308427065724573,0.494,0.447,1,"0","GIMAP4"
"ZFAS1",0.00155070281388903,0.290986621864738,0.519,0.481,1,"0","ZFAS1"
"MRPS21",0.00163635290369979,0.736817309184982,0.265,0.212,1,"0","MRPS21"
"PCNP",0.00245094430069392,0.584695005636169,0.291,0.245,1,"0","PCNP"
"NDUFS5",0.00259331410246966,0.373706644008834,0.431,0.386,1,"0","NDUFS5"
"SEPT1",0.00302667883538232,0.617594784814764,0.269,0.221,1,"0","SEPT1"
"C1QBP",0.0089059359945538,0.264355780201841,0.399,0.364,1,"0","C1QBP"
"GIMAP1",0.00926764176658335,0.25537211849212,0.352,0.316,1,"0","GIMAP1"
"S100A8",0,6.64505608845263,0.975,0.121,0,"1","S100A8"
"LGALS2",0,5.651790479768,0.909,0.059,0,"1","LGALS2"
"FCN1",0,4.06178234726513,0.952,0.15,0,"1","FCN1"
"S100A9",0,6.18144673331318,0.996,0.215,0,"1","S100A9"
"LST1",0,2.25061646878148,0.958,0.223,0,"1","LST1"
"TYROBP",0,3.27199969585116,0.994,0.265,0,"1","TYROBP"
"CST3",0,3.20363062442605,0.992,0.266,0,"1","CST3"
"AIF1",0,2.51902749154392,0.958,0.244,0,"1","AIF1"
"FCER1G",0,2.03121597458017,0.94,0.229,0,"1","FCER1G"
"TYMP",0,3.12966745209758,0.919,0.222,0,"1","TYMP"
"CFD",0,3.15634919894787,0.786,0.106,0,"1","CFD"
"MS4A6A",0,5.34534971742333,0.686,0.041,0,"1","MS4A6A"
"CD14",0,5.98417657388839,0.667,0.027,0,"1","CD14"
"GRN",0,3.63228470463172,0.759,0.127,0,"1","GRN"
"LGALS1",0,2.79457055922374,0.979,0.365,0,"1","LGALS1"
"GPX1",0,2.60766533495197,0.923,0.312,0,"1","GPX1"
"CD68",0,2.92014930437,0.709,0.114,0,"1","CD68"
"GSTP1",0,2.90499105726627,0.944,0.352,0,"1","GSTP1"
"LGALS3",0,3.11013917996831,0.715,0.142,0,"1","LGALS3"
"AP1S2",0,2.98521278153695,0.765,0.194,0,"1","AP1S2"
"CEBPD",0,3.26965575240882,0.692,0.121,0,"1","CEBPD"
"SERPINA1",0,2.50038529064361,0.711,0.143,0,"1","SERPINA1"
"NPC2",0,2.5157793067364,0.879,0.315,0,"1","NPC2"
"CFP",0,2.97792082799547,0.647,0.11,0,"1","CFP"
"PYCARD",0,2.08558777225033,0.809,0.274,0,"1","PYCARD"
"TKT",0,2.30712259370332,0.782,0.255,0,"1","TKT"
"S100A11",0,2.06213079665656,0.95,0.432,0,"1","S100A11"
"CTSS",0,2.35256115717033,0.944,0.429,0,"1","CTSS"
"FCGRT",0,3.09364877832443,0.653,0.14,0,"1","FCGRT"
"SPI1",0,2.54042968037233,0.632,0.121,0,"1","SPI1"
"PSAP",0,2.15036734994665,0.923,0.417,0,"1","PSAP"
"NCF2",0,3.61308635595636,0.588,0.084,0,"1","NCF2"
"RAC1",0,2.0847869103892,0.852,0.348,0,"1","RAC1"
"IFITM3",0,2.21340687462864,0.624,0.137,0,"1","IFITM3"
"CDA",0,3.94893142120716,0.543,0.058,0,"1","CDA"
"LYZ",0,4.74235792649738,1,0.516,0,"1","LYZ"
"IFI30",0,2.80742993697074,0.555,0.079,0,"1","IFI30"
"BLVRB",0,3.64667575556781,0.551,0.075,0,"1","BLVRB"
"GABARAP",0,2.12431766303886,0.875,0.404,0,"1","GABARAP"
"TALDO1",0,1.90709074259518,0.755,0.285,0,"1","TALDO1"
"BRI3",0,2.70209524242521,0.588,0.12,0,"1","BRI3"
"HLA-DRA",0,0.839204268986212,0.942,0.475,0,"1","HLA-DRA"
"SAT1",0,2.04012210047232,0.967,0.507,0,"1","SAT1"
"HLA-DRB1",0,1.00644449025684,0.832,0.377,0,"1","HLA-DRB1"
"TSPO",0,2.14220403542845,0.848,0.395,0,"1","TSPO"
"IFI6",0,1.90413199942694,0.773,0.321,0,"1","IFI6"
"NUP214",0,3.6945311328959,0.514,0.062,0,"1","NUP214"
"CSF3R",0,4.41138111519662,0.464,0.038,0,"1","CSF3R"
"AP2S1",0,1.98408958229343,0.701,0.276,0,"1","AP2S1"
"C1orf162",0,1.58849693449511,0.736,0.312,0,"1","C1orf162"
"RNF130",0,3.00834571607411,0.526,0.103,0,"1","RNF130"
"TNFSF13B",0,3.45363940677574,0.507,0.085,0,"1","TNFSF13B"
"COTL1",0,1.78126380048263,0.973,0.553,0,"1","COTL1"
"CEBPB",0,1.64036604885417,0.665,0.248,0,"1","CEBPB"
"SLC7A7",0,3.36644815969521,0.47,0.063,0,"1","SLC7A7"
"CTSB",0,2.78488997344953,0.53,0.127,0,"1","CTSB"
"ALDH2",0,3.82355703305795,0.441,0.038,0,"1","ALDH2"
"HLA-DRB5",0,1.10217536036471,0.678,0.279,0,"1","HLA-DRB5"
"ANXA2",0,1.60175735007553,0.761,0.365,0,"1","ANXA2"
"CTSH",0,2.69295597902593,0.501,0.105,0,"1","CTSH"
"RGS2",0,1.95454391850545,0.599,0.206,0,"1","RGS2"
"FPR1",0,4.09853452649509,0.426,0.038,0,"1","FPR1"
"ATP6V0B",0,2.09107720285042,0.651,0.268,0,"1","ATP6V0B"
"CAPG",0,2.0824296739991,0.538,0.165,0,"1","CAPG"
"TIMP1",0,1.26915201802538,0.632,0.261,0,"1","TIMP1"
"MNDA",0,3.31355597415424,0.424,0.06,0,"1","MNDA"
"APOBEC3A",0,3.35979555718909,0.422,0.059,0,"1","APOBEC3A"
"IGSF6",0,3.79946649651692,0.403,0.043,0,"1","IGSF6"
"LY86",0,2.12367698961975,0.484,0.127,0,"1","LY86"
"LINC00936",0,2.3038393329414,0.572,0.215,0,"1","LINC00936"
"ASGR1",0,5.68257639011747,0.37,0.015,0,"1","ASGR1"
"HLA-DMA",0,1.33117533507936,0.553,0.202,0,"1","HLA-DMA"
"FGR",0,1.75015295524838,0.501,0.153,0,"1","FGR"
"PRELID1",0,1.48879336449225,0.748,0.408,0,"1","PRELID1"
"NEAT1",0,1.48318471539689,0.917,0.578,0,"1","NEAT1"
"CNPY3",0,1.88733733145888,0.553,0.218,0,"1","CNPY3"
"CTSD",0,1.92416761902243,0.516,0.181,0,"1","CTSD"
"SRGN",0,1.15822885239166,0.873,0.538,0,"1","SRGN"
"VCAN",0,3.86807777953657,0.37,0.036,0,"1","VCAN"
"C20orf24",0,1.72538248769434,0.582,0.249,0,"1","C20orf24"
"ODF3B",0,3.28147799073904,0.393,0.061,0,"1","ODF3B"
"HLA-DPA1",0,0.833239235681448,0.763,0.433,0,"1","HLA-DPA1"
"CPVL",0,3.42106285496039,0.385,0.056,0,"1","CPVL"
"BLVRA",0,2.69570579517908,0.455,0.126,0,"1","BLVRA"
"LILRA5",0,2.81685747044222,0.385,0.061,0,"1","LILRA5"
"NFKBIA",0,1.54047805980622,0.721,0.397,0,"1","NFKBIA"
"PGLS",0,1.48007542149252,0.559,0.24,0,"1","PGLS"
"AGTRAP",0,2.53499602808121,0.414,0.095,0,"1","AGTRAP"
"STX11",0,2.87418510262946,0.393,0.076,0,"1","STX11"
"FKBP1A",0,1.25482257339326,0.723,0.408,0,"1","FKBP1A"
"AMICA1",0,1.56004597624127,0.52,0.206,0,"1","AMICA1"
"PLBD1",0,4.39129198373733,0.343,0.031,0,"1","PLBD1"
"SERPINB1",0,1.63466909285021,0.62,0.309,0,"1","SERPINB1"
"STXBP2",0,1.65962287473351,0.499,0.188,0,"1","STXBP2"
"TGFBI",0,3.3376220557429,0.36,0.051,0,"1","TGFBI"
"GLRX",0,1.47451111528151,0.626,0.32,0,"1","GLRX"
"SMCO4",0,3.39416610966406,0.356,0.05,0,"1","SMCO4"
"ASAH1",0,1.57546979895461,0.495,0.191,0,"1","ASAH1"
"CCL3",0,2.84145459005172,0.389,0.085,0,"1","CCL3"
"RBP7",0,4.98273687068265,0.312,0.013,0,"1","RBP7"
"LAMTOR4",0,1.12874723300136,0.765,0.466,0,"1","LAMTOR4"
"ISG15",0,1.37307609770095,0.692,0.394,0,"1","ISG15"
"HCK",0,1.97998493650696,0.393,0.096,0,"1","HCK"
"BST1",0,4.50574310919979,0.316,0.02,0,"1","BST1"
"HLA-DPB1",0,0.630709427467579,0.761,0.465,0,"1","HLA-DPB1"
"ATP6V1F",0,1.56965405730705,0.615,0.319,0,"1","ATP6V1F"
"FOLR3",0,7.28084188073784,0.299,0.004,0,"1","FOLR3"
"KLF4",0,2.90701281602692,0.36,0.067,0,"1","KLF4"
"PLAUR",0,2.94468011542361,0.36,0.067,0,"1","PLAUR"
"APLP2",0,2.13367236105827,0.405,0.113,0,"1","APLP2"
"H2AFY",0,1.92379750482796,0.534,0.245,0,"1","H2AFY"
"RHOG",0,1.26894311986202,0.622,0.339,0,"1","RHOG"
"TCEB2",0,1.20945460463269,0.719,0.436,0,"1","TCEB2"
"LAMTOR1",0,1.01734559508678,0.574,0.293,0,"1","LAMTOR1"
"FOSB",0,1.28014833134816,0.717,0.437,0,"1","FOSB"
"FAM26F",0,1.31597323839476,0.457,0.178,0,"1","FAM26F"
"C10orf54",0,1.21066458569648,0.601,0.322,0,"1","C10orf54"
"CLTA",0,1.336078749916,0.516,0.242,0,"1","CLTA"
"SCO2",0,2.4017897766806,0.356,0.084,0,"1","SCO2"
"S100A12",0,6.73772996912494,0.277,0.006,0,"1","S100A12"
"RAB32",0,3.73767511032848,0.308,0.037,0,"1","RAB32"
"FGL2",0,2.95961194854937,0.347,0.077,0,"1","FGL2"
"ANXA5",0,1.2916045731265,0.528,0.259,0,"1","ANXA5"
"CTSZ",0,2.54996324880931,0.333,0.064,0,"1","CTSZ"
"IFNGR2",0,2.28509351773682,0.376,0.108,0,"1","IFNGR2"
"GLIPR2",0,1.55659687020297,0.443,0.176,0,"1","GLIPR2"
"CARD16",0,1.28396615058498,0.505,0.238,0,"1","CARD16"
"MSRB1",0,2.73670516347902,0.326,0.059,0,"1","MSRB1"
"CD63",0,1.04636697180667,0.561,0.297,0,"1","CD63"
"C19orf38",0,2.99829718646688,0.32,0.056,0,"1","C19orf38"
"PGD",0,2.67074727676161,0.333,0.07,0,"1","PGD"
"BID",0,1.56954124205513,0.422,0.159,0,"1","BID"
"S100A6",0,2.11955558153308,0.996,0.735,0,"1","S100A6"
"EIF4EBP1",0,2.39456898119243,0.337,0.076,0,"1","EIF4EBP1"
"C4orf48",0,2.17010742846452,0.372,0.112,0,"1","C4orf48"
"GSTO1",0,1.26921076299372,0.505,0.245,0,"1","GSTO1"
"LGALS9",0,1.74339594599113,0.387,0.128,0,"1","LGALS9"
"PILRA",0,2.11701574633173,0.328,0.071,0,"1","PILRA"
"CD33",0,3.89122704382419,0.281,0.027,0,"1","CD33"
"VAMP8",0,0.908225399030895,0.715,0.462,0,"1","VAMP8"
"TPI1",0,0.959863242379049,0.715,0.462,0,"1","TPI1"
"MPEG1",0,2.77688392974289,0.314,0.063,0,"1","MPEG1"
"S100A10",0,1.29628363134354,0.844,0.597,0,"1","S100A10"
"NCF1",0,1.86521752515285,0.368,0.121,0,"1","NCF1"
"TBXAS1",0,2.33702562498749,0.318,0.071,0,"1","TBXAS1"
"IL8",0,4.32969904752017,0.277,0.031,0,"1","IL8"
"TMEM176B",0,4.12326996534885,0.266,0.021,0,"1","TMEM176B"
"SAT2",0,2.14312539870772,0.37,0.127,0,"1","SAT2"
"GNAI2",0,1.55463547851673,0.428,0.186,0,"1","GNAI2"
"GCA",0,1.95279743882646,0.328,0.087,0,"1","GCA"
"IL1B",0,3.81224201810625,0.274,0.036,0,"1","IL1B"
"MAFB",0,3.33749442136089,0.293,0.055,0,"1","MAFB"
"H3F3A",0,0.956534434137071,0.58,0.342,0,"1","H3F3A"
"RNASE6",0,2.32715166144791,0.295,0.058,0,"1","RNASE6"
"DYNLT1",0,1.46336631639099,0.385,0.149,0,"1","DYNLT1"
"NOP10",0,1.27658644766471,0.489,0.253,0,"1","NOP10"
"NDUFS7",0,1.31708048207394,0.486,0.25,0,"1","NDUFS7"
"JUND",0,2.37607241318039,0.345,0.111,0,"1","JUND"
"SERP1",0,0.725618101113942,0.744,0.511,0,"1","SERP1"
"BST2",0,0.960866036492707,0.638,0.407,0,"1","BST2"
"EFHD2",0,1.46794646014636,0.383,0.152,0,"1","EFHD2"
"CSTB",0,0.995443859110032,0.559,0.329,0,"1","CSTB"
"ARRB2",0,1.65094613496126,0.445,0.216,0,"1","ARRB2"
"S100A4",0,1.69579303425167,1,0.771,0,"1","S100A4"
"GPX4",0,1.00358173249429,0.732,0.503,0,"1","GPX4"
"SLC11A1",0,2.86233795556338,0.277,0.049,0,"1","SLC11A1"
"NDUFA11",0,0.951030205487919,0.599,0.372,0,"1","NDUFA11"
"SUPT4H1",0,1.20102818939648,0.474,0.248,0,"1","SUPT4H1"
"WDR83OS",0,0.965186021147738,0.53,0.306,0,"1","WDR83OS"
"MT2A",0,1.00127606189668,0.499,0.277,0,"1","MT2A"
"SLC25A5",0,1.02783722497323,0.69,0.469,0,"1","SLC25A5"
"BNIP3L",0,1.74120892965829,0.347,0.127,0,"1","BNIP3L"
"ARPC1B",0,1.20772692584294,0.927,0.708,0,"1","ARPC1B"
"FCGR2A",0,3.40350137933788,0.264,0.045,0,"1","FCGR2A"
"C5AR1",0,2.91181571546421,0.277,0.059,0,"1","C5AR1"
"ITGB2",0,0.64482042128007,0.649,0.432,0,"1","ITGB2"
"TIMM13",0,1.30656878463829,0.385,0.17,0,"1","TIMM13"
"RP11-290F20.3",0,1.66380146562923,0.291,0.076,0,"1","RP11-290F20.3"
"SOD2",0,1.56326079833453,0.378,0.164,0,"1","SOD2"
"CYBB",0,2.38546094678963,0.283,0.069,0,"1","CYBB"
"LAMTOR2",0,1.25656512996675,0.397,0.185,0,"1","LAMTOR2"
"PKM",0,0.798178890165963,0.599,0.387,0,"1","PKM"
"ATP6V0D1",0,1.60068072329073,0.345,0.135,0,"1","ATP6V0D1"
"CPPED1",0,2.21786692192711,0.274,0.065,0,"1","CPPED1"
"COX8A",0,0.920564134542797,0.557,0.349,0,"1","COX8A"
"BRK1",0,0.675739641227514,0.723,0.515,0,"1","BRK1"
"RHOB",0,2.24725787747792,0.299,0.092,0,"1","RHOB"
"LRRC25",0,1.9953738113574,0.27,0.066,0,"1","LRRC25"
"SCPEP1",0,1.96234123320004,0.304,0.1,0,"1","SCPEP1"
"SAMHD1",0,1.49921465016756,0.41,0.206,0,"1","SAMHD1"
"CLIC1",0,0.578926883389585,0.811,0.608,0,"1","CLIC1"
"TMEM205",0,2.0852479337068,0.279,0.076,0,"1","TMEM205"
"COX6B1",0,0.792764066225679,0.742,0.539,0,"1","COX6B1"
"POLR2L",0,0.922150004806601,0.52,0.323,0,"1","POLR2L"
"MIR24-2",0,2.28351020972879,0.272,0.075,0,"1","MIR24-2"
"TNFSF10",0,1.27390126348367,0.376,0.181,0,"1","TNFSF10"
"CASP1",0,1.03810068533825,0.43,0.236,0,"1","CASP1"
"LY6E",0,0.818018706378649,0.827,0.633,0,"1","LY6E"
"RNH1",0,0.910927925188173,0.466,0.273,0,"1","RNH1"
"COMT",0,1.63534207624329,0.314,0.121,0,"1","COMT"
"C20orf27",0,2.19863363614631,0.287,0.094,0,"1","C20orf27"
"EIF4A1",0,1.06324110818548,0.84,0.65,0,"1","EIF4A1"
"HLA-DMB",0,0.791633352951906,0.335,0.147,0,"1","HLA-DMB"
"SDCBP",0,1.07283692559499,0.397,0.21,0,"1","SDCBP"
"OAZ2",0,1.51740495042161,0.316,0.129,0,"1","OAZ2"
"POLE4",0,1.32878530394727,0.343,0.157,0,"1","POLE4"
"HIGD2A",0,0.813254180440468,0.647,0.461,0,"1","HIGD2A"
"HSBP1",0,1.36707709187661,0.314,0.128,0,"1","HSBP1"
"ATP5D",0,0.679138531274654,0.696,0.51,0,"1","ATP5D"
"GLIPR1",0,1.1382329208888,0.358,0.174,0,"1","GLIPR1"
"CECR1",0,1.89371814763587,0.258,0.075,0,"1","CECR1"
"ZYX",0,1.30853414145073,0.299,0.117,0,"1","ZYX"
"NINJ1",0,1.437522974606,0.301,0.123,0,"1","NINJ1"
"ZFP36",0,0.803574575546562,0.85,0.674,0,"1","ZFP36"
"CYBA",0,1.35707441936779,0.99,0.815,0,"1","CYBA"
"ATOX1",0,1.66317611767216,0.258,0.086,0,"1","ATOX1"
"GLUL",0,1.82621927120573,0.262,0.091,0,"1","GLUL"
"MS4A7",0,0.974197519756238,0.258,0.087,0,"1","MS4A7"
"THEMIS2",0,1.84031876979855,0.256,0.086,0,"1","THEMIS2"
"RILPL2",0,1.51217530666115,0.328,0.16,0,"1","RILPL2"
"ALDOA",0,0.936485127301075,0.844,0.677,0,"1","ALDOA"
"NAGK",0,1.85471770948301,0.26,0.094,0,"1","NAGK"
"RHOA",0,0.650537957202931,0.703,0.537,0,"1","RHOA"
"WARS",0,1.53983378984759,0.268,0.107,0,"1","WARS"
"SERPINB6",0,1.13407442634354,0.326,0.165,0,"1","SERPINB6"
"POU2F2",0,1.3286306187996,0.289,0.131,0,"1","POU2F2"
"NAPRT1",0,1.96238099042842,0.252,0.097,0,"1","NAPRT1"
"ARPC3",0,0.938287802238718,0.944,0.789,0,"1","ARPC3"
"CAPNS1",0,1.45815389753046,0.252,0.102,0,"1","CAPNS1"
"TNFRSF1B",0,1.79255519763674,0.262,0.116,0,"1","TNFRSF1B"
"VIM",0,1.15414938994541,0.921,0.775,0,"1","VIM"
"GAPDH",0,1.32972913597449,0.969,0.825,0,"1","GAPDH"
"SH3BGRL3",0,0.915925548117738,0.973,0.833,0,"1","SH3BGRL3"
"ATP5G2",0,0.953469980692874,0.933,0.798,0,"1","ATP5G2"
"SERF2",0,0.86620646651225,0.956,0.834,0,"1","SERF2"
"EMP3",0,0.655856017195932,0.83,0.713,0,"1","EMP3"
"ARPC2",0,0.53588554263846,0.892,0.782,0,"1","ARPC2"
"MYL6",0,0.685737120895116,0.942,0.833,0,"1","MYL6"
"OAZ1",0,1.47549275647623,0.996,0.893,0,"1","OAZ1"
"PFDN5",0,0.724298990082255,0.983,0.911,0,"1","PFDN5"
"SLC25A6",0,0.497696423771649,0.884,0.822,0,"1","SLC25A6"
"MT-ND1",0,0.717846839152094,0.979,0.939,0,"1","MT-ND1"
"PFN1",0,0.321334566803384,0.963,0.942,0,"1","PFN1"
"FTH1",0,2.21656223831107,1,0.987,0,"1","FTH1"
"FTL",0,2.62451319598768,1,0.987,0,"1","FTL"
"TMSB10",0,0.578948434942592,1,0.992,0,"1","TMSB10"
"ACTB",0,0.529593141549101,0.998,0.992,0,"1","ACTB"
"MT-CO1",0,0.472647427840872,0.996,0.994,0,"1","MT-CO1"
"TMSB4X",0,0.407313327755277,1,1,0,"1","TMSB4X"
"UQCRFS1",2.22044604925031e-16,0.929672856649406,0.439,0.255,3.04511971194188e-12,"1","UQCRFS1"
"TMEM219",2.22044604925031e-16,1.12260399751587,0.422,0.243,3.04511971194188e-12,"1","TMEM219"
"SPG21",2.22044604925031e-16,1.24252877456534,0.306,0.147,3.04511971194188e-12,"1","SPG21"
"NDUFB1",2.22044604925031e-16,1.19648775319175,0.308,0.15,3.04511971194188e-12,"1","NDUFB1"
"H3F3B",2.22044604925031e-16,0.473810665980695,0.992,0.955,3.04511971194188e-12,"1","H3F3B"
"STX10",4.44089209850063e-16,1.49665777711677,0.264,0.121,6.09023942388376e-12,"1","STX10"
"SEC11A",6.66133814775094e-16,1.02352938970991,0.48,0.297,9.13535913582564e-12,"1","SEC11A"
"NDUFS6",6.66133814775094e-16,0.975975043600404,0.368,0.2,9.13535913582564e-12,"1","NDUFS6"
"UQCR11.1",6.66133814775094e-16,0.74277687616881,0.701,0.539,9.13535913582564e-12,"1","UQCR11.1"
"ATG3",8.88178419700125e-16,0.961957191131622,0.345,0.183,1.21804788477675e-11,"1","ATG3"
"PLSCR1",8.88178419700125e-16,1.35015261345258,0.256,0.115,1.21804788477675e-11,"1","PLSCR1"
"GRB2",1.99840144432528e-15,0.936243370045743,0.31,0.157,2.74060774074769e-11,"1","GRB2"
"COX4I1",2.22044604925031e-15,0.424299856736467,0.938,0.897,3.04511971194188e-11,"1","COX4I1"
"LAP3",5.10702591327572e-15,1.24424615383754,0.268,0.13,7.00377533746632e-11,"1","LAP3"
"PSMB3",8.65973959207622e-15,0.766617307091708,0.524,0.351,1.18759668765733e-10,"1","PSMB3"
"UBA52",1.06581410364015e-14,0.272241696049716,0.992,0.972,1.4616574617321e-10,"1","UBA52"
"EPSTI1",1.55431223447522e-14,1.08210541943712,0.301,0.156,2.13158379835932e-10,"1","EPSTI1"
"REEP5",1.99840144432528e-14,0.797362818786833,0.403,0.231,2.74060774074769e-10,"1","REEP5"
"PARVG",2.1316282072803e-14,1.16075384833215,0.266,0.127,2.9233149234642e-10,"1","PARVG"
"YBX1",3.08642000845794e-14,0.519234698014799,0.863,0.808,4.23271639959921e-10,"1","YBX1"
"CASP4",3.77475828372553e-14,1.10910657979079,0.455,0.286,5.17670351030119e-10,"1","CASP4"
"ATP5E",4.46309655899313e-14,0.446776487733008,0.848,0.731,6.12069062100318e-10,"1","ATP5E"
"UQCRC1",4.57411886145564e-14,1.29583914849544,0.304,0.157,6.27294660660027e-10,"1","UQCRC1"
"COX5B",6.97220059464598e-14,0.819720598222756,0.628,0.476,9.5616758954975e-10,"1","COX5B"
"BLOC1S1",7.061018436616e-14,0.589251168145794,0.459,0.28,9.68348068397518e-10,"1","BLOC1S1"
"GNB2",7.61612994892857e-14,0.805006669391279,0.399,0.237,1.04447606119606e-09,"1","GNB2"
"ZNHIT1",1.01918473660589e-13,0.985201627926595,0.405,0.246,1.39770994778132e-09,"1","ZNHIT1"
"RNF7",1.19459997449667e-13,0.809809166774863,0.385,0.222,1.63827440502473e-09,"1","RNF7"
"HMGB2",1.31228361510694e-13,0.739514513434919,0.459,0.293,1.79966574975765e-09,"1","HMGB2"
"VAMP5",1.99840144432528e-13,1.13280471320653,0.345,0.198,2.74060774074769e-09,"1","VAMP5"
"UBE2L6",2.05391259555654e-13,0.901451374703358,0.482,0.316,2.81673573354624e-09,"1","UBE2L6"
"CHMP4B",2.61346499996762e-13,0.969668598429605,0.293,0.151,3.58410590095559e-09,"1","CHMP4B"
"C11orf31",2.87769807982841e-13,0.736357197174482,0.582,0.416,3.94647514667668e-09,"1","C11orf31"
"HSD17B11",2.91100477056716e-13,1.03736753932105,0.397,0.241,3.9921519423558e-09,"1","HSD17B11"
"IFI27L2",3.43058914609173e-13,1.10188862831552,0.277,0.139,4.7047099549502e-09,"1","IFI27L2"
"CD97",7.84039499990286e-13,0.913947414422234,0.347,0.198,1.07523177028668e-08,"1","CD97"
"EIF3K",1.02495789633394e-12,0.440495313798606,0.811,0.727,1.40562725903237e-08,"1","EIF3K"
"MCL1",1.02651220856842e-12,0.81048199152324,0.536,0.381,1.40775884283073e-08,"1","MCL1"
"ARF5",1.31650246260051e-12,0.781041936124766,0.43,0.269,1.80545147721034e-08,"1","ARF5"
"EIF4E2",1.46438416948058e-12,1.1319385500098,0.258,0.134,2.00825645002567e-08,"1","EIF4E2"
"EIF1",1.82831527695271e-12,0.251397644218746,0.992,0.982,2.50735157081294e-08,"1","EIF1"
"MRPL23",2.25286456156937e-12,0.945299050628228,0.416,0.262,3.08957845973623e-08,"1","MRPL23"
"PRDX5",2.83573164949757e-12,0.74856801249107,0.484,0.325,3.88892238412097e-08,"1","PRDX5"
"MYADM",2.85393930710143e-12,1.38560917875233,0.297,0.166,3.9138923657589e-08,"1","MYADM"
"DOK2",3.66218166902854e-12,0.810780092366888,0.362,0.215,5.02231594090574e-08,"1","DOK2"
"LSMD1",4.14623890776511e-12,1.10279084465154,0.285,0.152,5.68615203810907e-08,"1","LSMD1"
"DUSP1",4.69224659127576e-12,0.447078630457475,0.944,0.879,6.43494697527558e-08,"1","DUSP1"
"PPT1",5.54734036484206e-12,1.27376692961641,0.308,0.167,7.6076225763444e-08,"1","PPT1"
"IFI35",5.62994095787417e-12,1.10805730687239,0.289,0.158,7.72090102962864e-08,"1","IFI35"
"PSMA7",6.0436100568495e-12,0.617896131252034,0.676,0.538,8.28820683196341e-08,"1","PSMA7"
"NDUFA13",6.85429490943079e-12,0.694780481638099,0.588,0.433,9.39998003879339e-08,"1","NDUFA13"
"GNAS",7.38276106915237e-12,0.708335739719864,0.428,0.271,1.01247185302356e-07,"1","GNAS"
"RNF181",1.09501296918779e-11,0.84434136236806,0.331,0.193,1.50170078594414e-07,"1","RNF181"
"GNG5",1.60047530783913e-11,0.865303849976966,0.412,0.267,2.19489183717059e-07,"1","GNG5"
"PPP4C",2.57189824992565e-11,0.802704899953353,0.416,0.264,3.52710125994804e-07,"1","PPP4C"
"VASP",2.66047184283025e-11,0.639448541663802,0.407,0.246,3.6485710852574e-07,"1","VASP"
"TGFB1",3.23294724324796e-11,1.15465279096068,0.308,0.176,4.43366384939026e-07,"1","TGFB1"
"PHPT1",3.39184236253232e-11,0.929781308606404,0.264,0.142,4.65157261597682e-07,"1","PHPT1"
"OAS1",4.22037960134958e-11,0.704612127703126,0.306,0.17,5.78782858529081e-07,"1","OAS1"
"ID2",5.6600724107625e-11,0.476986270562744,0.518,0.358,7.76222330411969e-07,"1","ID2"
"SNF8",6.05380190421556e-11,1.17541810518775,0.295,0.168,8.30218393144122e-07,"1","SNF8"
"NAAA",8.46362979700643e-11,1.11523638558072,0.281,0.159,1.16070219036146e-06,"1","NAAA"
"C14orf2",1.0490719404288e-10,1.00623484053938,0.266,0.147,1.43869725910406e-06,"1","C14orf2"
"GMFG",1.05788267035223e-10,0.336041733637327,0.786,0.681,1.45078029412105e-06,"1","GMFG"
"NDUFB11",1.69558589391272e-10,0.607577990649132,0.53,0.38,2.32532649491191e-06,"1","NDUFB11"
"SNX3",1.90722104775887e-10,0.433292243393453,0.584,0.44,2.61556294489651e-06,"1","SNX3"
"MT-ND3",4.91962026671899e-10,0.827422152728997,0.312,0.183,6.74676723377843e-06,"1","MT-ND3"
"FIBP",1.0933993710438e-09,1.1352087020358,0.266,0.152,1.49948789744947e-05,"1","FIBP"
"CAST",1.18115028868715e-09,0.860723871303009,0.26,0.143,1.61982950590556e-05,"1","CAST"
"CLTB",1.40234646117676e-09,0.887742299411915,0.291,0.169,1.92317793685781e-05,"1","CLTB"
"SMS",1.6851837703058e-09,0.777951196349195,0.262,0.147,2.31106102259737e-05,"1","SMS"
"KLF6",1.83732629110978e-09,0.424556112397202,0.767,0.624,2.51970927562795e-05,"1","KLF6"
"DYNLL1",1.8718400163209e-09,0.479054424630858,0.455,0.314,2.56704139838249e-05,"1","DYNLL1"
"CYC1",2.76434297674655e-09,0.714947056630202,0.297,0.171,3.79101995831022e-05,"1","CYC1"
"ATP5I",2.77859979469497e-09,0.914561361112772,0.389,0.267,3.81057175844468e-05,"1","ATP5I"
"ANAPC11",2.83836887327027e-09,0.744870064680295,0.356,0.223,3.89253907280285e-05,"1","ANAPC11"
"SF3B5",4.28816493425188e-09,0.891059199382751,0.501,0.369,5.88078939083303e-05,"1","SF3B5"
"COX17",5.64293500815438e-09,0.81599862185578,0.285,0.172,7.73872107018292e-05,"1","COX17"
"COPE",5.85859538659861e-09,0.662577205801813,0.559,0.411,8.03447771318133e-05,"1","COPE"
"SDHB",6.26670115799755e-09,1.39449405932325,0.314,0.195,8.59415396807783e-05,"1","SDHB"
"FLNA",7.40303685020649e-09,0.720003525283644,0.314,0.19,0.000101525247363732,"1","FLNA"
"LTA4H",8.31759616737315e-09,0.951209006478186,0.252,0.144,0.000114067513839355,"1","LTA4H"
"AHNAK",1.24248795696502e-08,0.697917114130943,0.378,0.252,0.000170394798418183,"1","AHNAK"
"SSR3",1.29742987464709e-08,0.932335152866829,0.274,0.16,0.000177929533009102,"1","SSR3"
"CHMP1B",2.06536681091052e-08,0.738370536453452,0.358,0.24,0.000283244404448268,"1","CHMP1B"
"BAG1",2.31392518479367e-08,0.841150737323896,0.266,0.158,0.000317331699842605,"1","BAG1"
"NDUFB10",2.42721434062787e-08,0.701977991131445,0.432,0.31,0.000332868174673706,"1","NDUFB10"
"RGS19",2.63980117765072e-08,0.487270197340473,0.374,0.247,0.00036202233350302,"1","RGS19"
"COX5A",2.79120138113598e-08,0.753853151844117,0.468,0.33,0.000382785357408988,"1","COX5A"
"MRPL54",3.59160690077687e-08,0.753185960084179,0.32,0.205,0.00049255297037254,"1","MRPL54"
"METTL9",4.70129097873695e-08,0.805422609060205,0.343,0.232,0.000644735044823985,"1","METTL9"
"IDH3G",6.67830277745196e-08,1.13519531346039,0.289,0.18,0.000915862442899762,"1","IDH3G"
"ZFAND5",7.15444141707877e-08,0.855643236318781,0.26,0.156,0.000981160095938183,"1","ZFAND5"
"UBL5",7.21152613181175e-08,0.52392202122737,0.553,0.422,0.000988988693716664,"1","UBL5"
"MYO1F",8.086348923797e-08,0.653621585591227,0.335,0.216,0.00110896189140952,"1","MYO1F"
"LRRFIP1",1.09604737730251e-07,0.632441559566366,0.449,0.337,0.00150311937323266,"1","LRRFIP1"
"OXA1L",1.44420898795516e-07,0.651086138155772,0.295,0.184,0.00198058820608171,"1","OXA1L"
"UQCR10",1.67054341471129e-07,0.663159450904697,0.447,0.327,0.00229098323893506,"1","UQCR10"
"SQSTM1",1.86677956648396e-07,0.638135845077675,0.299,0.187,0.0025601014974761,"1","SQSTM1"
"ATP5J2",2.99027111072547e-07,0.609390332509766,0.424,0.303,0.00410085780124891,"1","ATP5J2"
"SH3BGRL",3.81939686100452e-07,0.400421625916146,0.538,0.422,0.0052379208551816,"1","SH3BGRL"
"ARL6IP4",5.10786895224769e-07,0.404708132186591,0.603,0.479,0.00700493148111248,"1","ARL6IP4"
"HN1",5.83802356235452e-07,0.496348252256532,0.339,0.224,0.00800626551341299,"1","HN1"
"NDUFA21",6.60361099802387e-07,0.435390139975076,0.345,0.238,0.00905619212268993,"1","NDUFA2"
"CSNK2B",8.61972301757774e-07,0.337783940378854,0.437,0.321,0.0118210881463061,"1","CSNK2B"
"WASF2",8.74554418883733e-07,0.60590056240452,0.277,0.178,0.0119936393005715,"1","WASF2"
"ATP5EP2",1.29955958483308e-06,0.660597857101107,0.372,0.262,0.0178221601464008,"1","ATP5EP2"
"CKLF",2.09661257088989e-06,0.694362709697489,0.295,0.198,0.0287529447971839,"1","CKLF"
"NDUFB7",2.45797398523706e-06,0.555902635047144,0.376,0.267,0.0337086552335411,"1","NDUFB7"
"ENY2",2.90792163393228e-06,0.829123259557489,0.277,0.178,0.0398792372877472,"1","ENY2"
"FIS1",4.16141220327404e-06,0.455605913683063,0.424,0.312,0.0570696069557002,"1","FIS1"
"PRDX6",4.49725333817597e-06,0.469293167918844,0.374,0.267,0.0616753322797452,"1","PRDX6"
"NEDD8",7.89606016948774e-06,0.516806235124793,0.584,0.484,0.108286569164355,"1","NEDD8"
"SRSF9",8.82290237824712e-06,0.707953302920271,0.393,0.288,0.120997283215281,"1","SRSF9"
"C19orf53",1.21997847000177e-05,0.363104527239949,0.501,0.396,0.167307847376043,"1","C19orf53"
"HADHA",1.29820365539768e-05,0.576816481332149,0.283,0.192,0.178035649301238,"1","HADHA"
"PGAM1",1.99345195615042e-05,0.686188634138473,0.308,0.221,0.273382001266468,"1","PGAM1"
"ATF4",2.10567612815016e-05,0.527156038527804,0.314,0.223,0.288772424214513,"1","ATF4"
"UQCRQ",2.8278852899799e-05,0.508082342341342,0.374,0.275,0.387816188667844,"1","UQCRQ"
"MRPL20",3.20860620541819e-05,0.471880928273185,0.328,0.238,0.44002825501105,"1","MRPL20"
"PSME2",3.33687262554783e-05,0.440157903560408,0.613,0.541,0.457618711867629,"1","PSME2"
"XAF1",3.58919044771699e-05,0.574633873927792,0.281,0.196,0.492221577999909,"1","XAF1"
"RTN4",3.83976943507669e-05,0.40043523656773,0.32,0.225,0.526585980326417,"1","RTN4"
"BAX",3.84067572767322e-05,0.35998474278338,0.391,0.288,0.526710269293105,"1","BAX"
"PCBP1",4.14409309814623e-05,0.481906458966598,0.543,0.441,0.568320927479774,"1","PCBP1"
"C1orf43",4.44664503302938e-05,0.569727629109336,0.299,0.211,0.60981289982965,"1","C1orf43"
"C19orf43",5.25893447496095e-05,0.253596921392463,0.696,0.605,0.721210273896145,"1","C19orf43"
"PSMB7",6.77361377330321e-05,0.638300630955751,0.395,0.298,0.928933392870802,"1","PSMB7"
"ALKBH7",7.63193151409602e-05,0.825227297254496,0.308,0.221,1,"1","ALKBH7"
"JTB",8.35302085395728e-05,0.527700209292575,0.501,0.411,1,"1","JTB"
"CALM2",8.40403321114014e-05,0.37404169653191,0.601,0.528,1,"1","CALM2"
"CHMP2A",9.14853391804638e-05,0.522263280103082,0.335,0.248,1,"1","CHMP2A"
"ATP5H",0.000122841041205968,0.437159709754664,0.426,0.342,1,"1","ATP5H"
"SCAND1",0.00014191426055743,0.643728190134968,0.372,0.286,1,"1","SCAND1"
"POLR2J",0.000177436967457201,0.44180722573204,0.32,0.24,1,"1","POLR2J"
"NDUFA3",0.000212928838429827,0.491346862716725,0.299,0.217,1,"1","NDUFA3"
"EIF6",0.00022216893370719,0.432780615630351,0.293,0.21,1,"1","EIF6"
"PARK7",0.000276050765403157,0.414540982129616,0.559,0.474,1,"1","PARK7"
"RBX1",0.000305994041186919,0.530699773553095,0.366,0.276,1,"1","RBX1"
"OSTF1",0.000346520024704589,0.325201265266399,0.383,0.295,1,"1","OSTF1"
"ATP5G3",0.000349912583561318,0.343271264078199,0.491,0.419,1,"1","ATP5G3"
"TMEM147",0.000380573582630772,0.420926892628086,0.254,0.18,1,"1","TMEM147"
"ZNF706",0.000388989587064348,0.459979710471321,0.38,0.298,1,"1","ZNF706"
"ERGIC3",0.000567286366011333,0.257794694411947,0.324,0.24,1,"1","ERGIC3"
"ATP5L",0.000715075230043993,0.279393259347355,0.751,0.688,1,"1","ATP5L"
"APRT",0.000736132609298501,0.356546723501731,0.647,0.565,1,"1","APRT"
"RAB5C",0.00113440652367136,0.333419684646191,0.345,0.268,1,"1","RAB5C"
"TRAPPC1",0.00135608291728917,0.341679958736959,0.528,0.433,1,"1","TRAPPC1"
"NDUFS8",0.00141148240091238,0.456516040293182,0.297,0.227,1,"1","NDUFS8"
"MSN",0.00161472506110827,0.433623134468133,0.347,0.272,1,"1","MSN"
"YWHAH",0.00175313074263728,0.331253871614862,0.252,0.185,1,"1","YWHAH"
"SSR4",0.0018957128791115,0.459065814601644,0.62,0.562,1,"1","SSR4"
"ATP5B",0.00207778498932965,0.3570653545491,0.47,0.393,1,"1","ATP5B"
"PSMB2",0.00212601825696535,0.354613540121627,0.27,0.206,1,"1","PSMB2"
"CRIP1",0.00226124135281136,0.507289962089849,0.424,0.358,1,"1","CRIP1"
"COX14",0.00246217012646155,0.380851792465485,0.254,0.187,1,"1","COX14"
"AURKAIP1",0.00293622989006015,0.51822079536569,0.341,0.276,1,"1","AURKAIP1"
"P4HB",0.0031793226639365,0.387786091253027,0.289,0.226,1,"1","P4HB"
"LSM10",0.00342076040139694,0.291783433297389,0.268,0.199,1,"1","LSM10"
"MT-ATP6",0.00366734922432843,0.259545737927709,0.8,0.73,1,"1","MT-ATP6"
"BUD31",0.00454184114121681,0.41140549423614,0.314,0.244,1,"1","BUD31"
"POLR1D",0.00458713959752099,0.2665785951356,0.353,0.282,1,"1","POLR1D"
"PLP2",0.00475137629509526,0.262361103855174,0.393,0.332,1,"1","PLP2"
"LAMTOR5",0.00480693295767454,0.727415416618851,0.335,0.268,1,"1","LAMTOR5"
"GUK1",0.00489343191115732,0.261616704366222,0.545,0.467,1,"1","GUK1"
"SSU72",0.00623715877053543,0.304646338295464,0.391,0.323,1,"1","SSU72"
"VDAC1",0.00831540455723734,0.322928779664715,0.262,0.204,1,"1","VDAC1"
"EDF1",0.00862423130951018,0.284005830884777,0.688,0.633,1,"1","EDF1"
"MTDH",0.00930817141297724,0.251419864328922,0.333,0.264,1,"1","MTDH"
"CAPZA2",0.00970184106904548,0.361379265454543,0.258,0.2,1,"1","CAPZA2"
"CD3D1",0,1.05976200549952,0.922,0.432,0,"2","CD3D"
"IL32",0,1.30707716418936,0.947,0.465,0,"2","IL32"
"IL7R1",0,1.437784787933,0.75,0.326,0,"2","IL7R"
"CD3E1",0,1.0287316726445,0.83,0.41,0,"2","CD3E"
"CD21",0,1.63060758913715,0.651,0.245,0,"2","CD2"
"LDHB1",0,0.991192379437797,0.954,0.614,0,"2","LDHB"
"LTB1",0,1.33126735616277,0.981,0.643,0,"2","LTB"
"AQP3",0,2.0893203253836,0.42,0.111,0,"2","AQP3"
"AES1",0,0.825256420224708,0.742,0.438,0,"2","AES"
"GIMAP71",0,0.700279169029475,0.786,0.486,0,"2","GIMAP7"
"LCK1",0,0.814374480927793,0.607,0.307,0,"2","LCK"
"PRDX21",0,0.935582074764393,0.529,0.238,0,"2","PRDX2"
"NOSIP1",0,0.740171330750132,0.666,0.377,0,"2","NOSIP"
"TRAT11",0,1.51522768714599,0.397,0.124,0,"2","TRAT1"
"SPOCK21",0,1.29810616549201,0.429,0.161,0,"2","SPOCK2"
"EVL1",0,0.710273085255763,0.748,0.485,0,"2","EVL"
"ANXA1",0,0.717857885992968,0.805,0.547,0,"2","ANXA1"
"IL2RG",0,0.497197174787966,0.649,0.395,0,"2","IL2RG"
"ARHGAP15",0,0.974584795942167,0.483,0.231,0,"2","ARHGAP15"
"CD271",0,1.10370312790055,0.445,0.194,0,"2","CD27"
"CD3G1",0,1.01517263373063,0.42,0.175,0,"2","CD3G"
"HINT11",0,0.570704192317423,0.842,0.598,0,"2","HINT1"
"LAT1",0,1.09413039333646,0.416,0.177,0,"2","LAT"
"ACAP11",0,0.453816055573202,0.496,0.26,0,"2","ACAP1"
"PLP21",0,0.870819751488834,0.536,0.301,0,"2","PLP2"
"GSTK1",0,0.708048363979839,0.744,0.511,0,"2","GSTK1"
"TRADD",0,1.4626722676364,0.366,0.136,0,"2","TRADD"
"IFITM1",0,0.601195810342952,0.662,0.436,0,"2","IFITM1"
"TNFAIP8",0,1.00227322023542,0.441,0.215,0,"2","TNFAIP8"
"TMEM661",0,0.593767489837134,0.92,0.698,0,"2","TMEM66"
"GIMAP51",0,0.837549660877855,0.462,0.247,0,"2","GIMAP5"
"YWHAQ",0,0.831129219216218,0.464,0.251,0,"2","YWHAQ"
"ALOX5AP",0,0.648708318491013,0.408,0.197,0,"2","ALOX5AP"
"RGCC1",0,0.916634673367824,0.399,0.193,0,"2","RGCC"
"TTC39C",0,1.46089236132878,0.3,0.097,0,"2","TTC39C"
"ZFP36L21",0,0.595673805133853,0.819,0.616,0,"2","ZFP36L2"
"HSPA81",0,0.503025827294325,0.84,0.639,0,"2","HSPA8"
"FLT3LG1",0,1.01070609131469,0.336,0.137,0,"2","FLT3LG"
"PPP2R5C",0,1.06101866239618,0.405,0.208,0,"2","PPP2R5C"
"CD40LG",0,1.87408403737323,0.263,0.07,0,"2","CD40LG"
"JUN1",0,0.630209054282239,0.899,0.708,0,"2","JUN"
"CALM1",0,0.472708247332103,0.834,0.643,0,"2","CALM1"
"FXYD5",0,0.626730196082672,0.891,0.702,0,"2","FXYD5"
"OPTN",0,1.47182270886661,0.294,0.11,0,"2","OPTN"
"PBXIP1",0,1.05358231996482,0.311,0.13,0,"2","PBXIP1"
"SIT1",0,1.19754439443009,0.292,0.111,0,"2","SIT1"
"MAL1",0,1.32072160220316,0.282,0.101,0,"2","MAL"
"VIM1",0,0.425161845312072,0.947,0.769,0,"2","VIM"
"ITM2A",0,1.06115326186475,0.269,0.096,0,"2","ITM2A"
"CORO1B",0,1.59931294522873,0.305,0.136,0,"2","CORO1B"
"SUSD3",0,1.45465098228769,0.277,0.114,0,"2","SUSD3"
"NPM11",0,0.368870936436598,0.937,0.806,0,"2","NPM1"
"MYL12A",0,0.474871879977541,0.977,0.852,0,"2","MYL12A"
"CD52",0,0.344450896867191,0.979,0.877,0,"2","CD52"
"JUNB1",0,0.53820377797454,0.975,0.891,0,"2","JUNB"
"RPS291",0,0.424049937790715,0.987,0.914,0,"2","RPS29"
"RPL36A1",0,0.333809610970841,0.964,0.895,0,"2","RPL36A"
"RPS201",0,0.318310149845884,0.996,0.945,0,"2","RPS20"
"RPSA1",0,0.428960011992736,0.998,0.95,0,"2","RPSA"
"RPL361",0,0.363445943392798,0.998,0.95,0,"2","RPL36"
"RPLP01",0,0.460855586650248,0.989,0.943,0,"2","RPLP0"
"HLA-A",0,0.317854348945777,0.998,0.958,0,"2","HLA-A"
"RPS27A1",0,0.355871413275707,1,0.968,0,"2","RPS27A"
"RPL311",0,0.29238292747345,0.998,0.967,0,"2","RPL31"
"RPS101",0,0.318124922608156,0.998,0.969,0,"2","RPS10"
"RPS251",0,0.395909907984911,1,0.977,0,"2","RPS25"
"RPL301",0,0.313304552410744,1,0.981,0,"2","RPL30"
"RPS15A1",0,0.300481700186187,0.998,0.984,0,"2","RPS15A"
"RPL141",0,0.286947138090214,0.998,0.985,0,"2","RPL14"
"RPL27A1",0,0.281865989146074,1,0.988,0,"2","RPL27A"
"TPT11",0,0.426661465068118,0.996,0.984,0,"2","TPT1"
"RPL23A1",0,0.281399038800819,1,0.989,0,"2","RPL23A"
"EEF1A11",0,0.301536574548031,1,0.99,0,"2","EEF1A1"
"RPLP21",0,0.267379313504618,1,0.991,0,"2","RPLP2"
"RPS271",0,0.280285145259999,1,0.992,0,"2","RPS27"
"RPS121",0,0.356726432156755,1,0.992,0,"2","RPS12"
"RPS31",0,0.339206470664588,1,0.995,0,"2","RPS3"
"RPL33",0,0.28130963165945,1,0.995,0,"2","RPL3"
"RPS181",0,0.266074741230264,0.998,0.997,0,"2","RPS18"
"B2M",0,0.277975642767572,1,1,0,"2","B2M"
"GIMAP41",2.22044604925031e-16,0.864477879149915,0.637,0.42,3.04511971194188e-12,"2","GIMAP4"
"RPSAP581",2.22044604925031e-16,0.449440161989723,0.863,0.708,3.04511971194188e-12,"2","RPSAP58"
"CRIP11",8.88178419700125e-16,0.582107048570404,0.55,0.331,1.21804788477675e-11,"2","CRIP1"
"TNFAIP3",1.77635683940025e-15,1.18164811861893,0.288,0.133,2.4360957695535e-11,"2","TNFAIP3"
"PEBP11",2.44249065417534e-15,0.674967185948509,0.553,0.344,3.34963168313607e-11,"2","PEBP1"
"CD691",2.44249065417534e-15,0.775328909198402,0.527,0.324,3.34963168313607e-11,"2","CD69"
"ARL6IP5",4.44089209850063e-15,0.483738101236607,0.632,0.417,6.09023942388376e-11,"2","ARL6IP5"
"OCIAD21",5.77315972805081e-15,0.945662170348335,0.378,0.193,7.91731125104889e-11,"2","OCIAD2"
"LEF11",8.65973959207622e-15,0.78522762273502,0.294,0.137,1.18759668765733e-10,"2","LEF1"
"ITM2B",9.10382880192628e-15,0.35213813255381,0.914,0.766,1.24849908189617e-10,"2","ITM2B"
"MZT2A1",9.76996261670138e-15,0.909064666931356,0.418,0.227,1.33985267325443e-10,"2","MZT2A"
"LIMS1",1.22124532708767e-14,0.927207166746112,0.273,0.13,1.67481584156803e-10,"2","LIMS1"
"RPL171",1.33226762955019e-14,0.282731353531632,0.992,0.956,1.82707182716513e-10,"2","RPL17"
"RPS261",3.48610029732299e-14,0.277923244228854,0.992,0.898,4.78083794774875e-10,"2","RPS26"
"FOS",4.50750547997814e-14,0.316117153474488,0.973,0.908,6.18159301524202e-10,"2","FOS"
"RPS211",5.92859095149834e-14,0.305546601001511,0.962,0.844,8.13046963088482e-10,"2","RPS21"
"SEPT11",6.75015598972095e-14,0.624101815147304,0.378,0.201,9.25716392430331e-10,"2","SEPT1"
"FYB1",6.88338275267597e-14,0.554306751103311,0.523,0.336,9.43987110701983e-10,"2","FYB"
"TMEM1231",9.9475983006414e-14,0.455846498462305,0.599,0.39,1.36421363094996e-09,"2","TMEM123"
"TXN",2.89102075612391e-13,0.72094875397288,0.328,0.173,3.96474586494833e-09,"2","TXN"
"ISG20",3.77031739162703e-13,0.451704951796426,0.647,0.421,5.17061327087731e-09,"2","ISG20"
"PIK3IP11",7.25419724290077e-13,0.692913399413664,0.393,0.221,9.94840609891412e-09,"2","PIK3IP1"
"PRKCQ-AS11",1.13331566353736e-12,0.663912616639408,0.292,0.142,1.55422910097514e-08,"2","PRKCQ-AS1"
"TRAF3IP31",1.27786670134356e-12,0.418305831823797,0.651,0.445,1.75246639422255e-08,"2","TRAF3IP3"
"ILF3-AS1",1.45750078672791e-12,0.765484927220139,0.275,0.138,1.99881657891865e-08,"2","ILF3-AS1"
"TSTD1",1.84230408706298e-12,0.610521201875418,0.363,0.196,2.52653582499818e-08,"2","TSTD1"
"SOD11",4.23239221447602e-12,0.488270654865742,0.672,0.477,5.80430268293242e-08,"2","SOD1"
"PIM1",5.43054490265149e-12,0.631513120386436,0.309,0.158,7.44744927949625e-08,"2","PIM1"
"DNAJB11",8.82183215367149e-12,0.610018951193317,0.437,0.26,1.20982606155451e-07,"2","DNAJB1"
"ANKRD12",9.41224875816715e-12,0.622064104691563,0.439,0.26,1.29079579469504e-07,"2","ANKRD12"
"HNRNPF",2.09616768387377e-11,0.571766907403242,0.536,0.347,2.87468436166449e-07,"2","HNRNPF"
"DDX51",2.87028179002391e-11,0.334260134370262,0.916,0.791,3.93630444683879e-07,"2","DDX5"
"BIN11",3.72162300976697e-11,0.592124184046302,0.38,0.222,5.10383379559443e-07,"2","BIN1"
"TCF71",4.57636151196539e-11,0.857495712912942,0.353,0.207,6.27602217750933e-07,"2","TCF7"
"SOCS3",5.27906607317163e-11,0.744906392928844,0.284,0.152,7.23971121274758e-07,"2","SOCS3"
"RHOH1",2.06496153509761e-10,0.505779655528629,0.384,0.221,2.83188824923286e-06,"2","RHOH"
"RARRES31",2.19739115792095e-10,0.380203051106054,0.628,0.438,3.01350223397279e-06,"2","RARRES3"
"COX6C",3.29264171483601e-10,0.487947112603213,0.607,0.416,4.5155288477261e-06,"2","COX6C"
"TUBA4A",9.9443431267332e-10,0.543785510588024,0.37,0.225,1.36376721640019e-05,"2","TUBA4A"
"PDCD5",1.70892811013346e-09,0.868488408676471,0.286,0.165,2.34362401023702e-05,"2","PDCD5"
"PPA11",1.7812100683301e-09,0.625226935620373,0.45,0.286,2.44275148770789e-05,"2","PPA1"
"LEPROTL11",2.00814853634768e-09,0.761590526526261,0.378,0.234,2.7539749027472e-05,"2","LEPROTL1"
"HMGN1",2.6607223091446e-09,0.3350083846579,0.693,0.494,3.64891457476091e-05,"2","HMGN1"
"KLF61",2.75952372064125e-09,0.398009116713745,0.788,0.62,3.78441083048742e-05,"2","KLF6"
"MYL12B",2.88892287869658e-09,0.344156472092934,0.832,0.673,3.96186883584448e-05,"2","MYL12B"
"TOMM71",3.90757537438446e-09,0.296119644014837,0.899,0.753,5.35884886843085e-05,"2","TOMM7"
"ADD3",4.1059955435685e-09,0.585107744712077,0.298,0.17,5.63096228844984e-05,"2","ADD3"
"ABRACL",5.21867238312268e-09,0.480613889987942,0.405,0.255,7.15688730621444e-05,"2","ABRACL"
"TECR",5.78065439960085e-09,0.48139494136007,0.326,0.185,7.9275894436126e-05,"2","TECR"
"TSC22D3",6.24921581149351e-09,0.35846072135548,0.849,0.732,8.5701745638822e-05,"2","TSC22D3"
"RAN",6.2627814045868e-09,0.410893050796541,0.613,0.456,8.58877841825034e-05,"2","RAN"
"SBDS1",8.06110911355518e-09,0.588178414671816,0.309,0.184,0.000110550050383296,"2","SBDS"
"SKP1",8.93001494972623e-09,0.475289661695182,0.603,0.437,0.000122466225020545,"2","SKP1"
"CCNL1",1.53635504318572e-08,0.437768196994454,0.384,0.24,0.00021069573062249,"2","CCNL1"
"BTG21",1.75689185422101e-08,0.466165956164472,0.487,0.334,0.000240940148887869,"2","BTG2"
"RWDD1",1.93002114290408e-08,0.715326049038206,0.372,0.232,0.000264683099537866,"2","RWDD1"
"DSTN",2.20043629983735e-08,0.536512588701549,0.303,0.176,0.000301767834159694,"2","DSTN"
"SLC2A31",2.31820966867247e-08,0.934825191042935,0.355,0.229,0.000317919273961742,"2","SLC2A3"
"DUSP2",2.70732694040987e-08,0.449632398267443,0.376,0.234,0.00037128281660781,"2","DUSP2"
"SEPT9",2.97848938846101e-08,0.513256847620902,0.464,0.311,0.000408470034733543,"2","SEPT9"
"KARS",3.82517417740758e-08,0.586567529867859,0.303,0.184,0.000524584386689675,"2","KARS"
"C12orf571",3.91038739167016e-08,0.327290186205615,0.426,0.274,0.000536270526893645,"2","C12orf57"
"BUB3",3.92514636349262e-08,0.463502604261965,0.317,0.191,0.000538294572289377,"2","BUB3"
"CAPN2",6.09232129189508e-08,0.434208357384582,0.328,0.199,0.000835500941970491,"2","CAPN2"
"ABHD14B",7.28611733169515e-08,0.537778885267328,0.261,0.147,0.000999218130868673,"2","ABHD14B"
"MZT2B1",8.65022184992625e-08,0.412344428963683,0.502,0.349,0.00118629142449889,"2","MZT2B"
"PSIP11",1.6050662554612e-07,0.406630527271684,0.286,0.168,0.00220118786273948,"2","PSIP1"
"PSMC5",1.96464527091322e-07,0.699999259334782,0.399,0.265,0.00269431452453039,"2","PSMC5"
"DDIT4",1.98364677572727e-07,0.645538993221479,0.319,0.201,0.00272037318823237,"2","DDIT4"
"LDHA",2.08115514599427e-07,0.354964590039745,0.611,0.467,0.00285409616721655,"2","LDHA"
"HSP90AA1",2.29467334689204e-07,0.367066176042511,0.658,0.511,0.00314691502792774,"2","HSP90AA1"
"NSMCE1",2.42180641762957e-07,0.829973278235241,0.275,0.172,0.00332126532113719,"2","NSMCE1"
"XRCC6",3.75827073240131e-07,0.324180914249041,0.439,0.302,0.00515409248241516,"2","XRCC6"
"MIF",4.0210619212111e-07,0.42300167767229,0.532,0.389,0.0055144843187489,"2","MIF"
"DDX24",4.02693209666793e-07,0.371258180980053,0.332,0.214,0.00552253467737041,"2","DDX24"
"YWHAZ",5.27674546724199e-07,0.341589462326932,0.483,0.341,0.00723652873377567,"2","YWHAZ"
"IL10RA",5.63861867641791e-07,0.606974044752849,0.3,0.192,0.00773280165283952,"2","IL10RA"
"IER2",6.01834917901556e-07,0.400908432138304,0.752,0.611,0.00825356406410194,"2","IER2"
"CDC42SE21",6.04287942129744e-07,0.464618677602148,0.328,0.212,0.00828720483836731,"2","CDC42SE2"
"MYLIP",6.17704469796365e-07,0.508142742661365,0.269,0.164,0.00847119909878735,"2","MYLIP"
"TERF2IP",6.46294655792801e-07,0.432062314904777,0.328,0.208,0.00886328490954247,"2","TERF2IP"
"ANXA2R",7.57319287947311e-07,0.252116269186222,0.271,0.158,0.0103858767149094,"2","ANXA2R"
"SNRPD21",7.96247398460181e-07,0.317939867387552,0.685,0.543,0.0109197368224829,"2","SNRPD2"
"DUT",8.89896023315018e-07,0.452245715178426,0.361,0.239,0.0122040340637422,"2","DUT"
"ACTG1",1.23726923684231e-06,0.280807517315454,0.935,0.848,0.0169679103140554,"2","ACTG1"
"C9orf78",1.46274876766661e-06,0.290955267436541,0.405,0.27,0.0200601365997799,"2","C9orf78"
"RPL341",1.54668389407142e-06,0.257248380513756,0.939,0.903,0.0212112229232955,"2","RPL34"
"TAP1",1.69098273983259e-06,0.650071647366983,0.321,0.213,0.0231901372940642,"2","TAP1"
"CRBN",2.38035825828042e-06,0.344124376659335,0.284,0.175,0.0326442331540577,"2","CRBN"
"SUB1",2.8147063269035e-06,0.32487702707463,0.401,0.279,0.0386008825671547,"2","SUB1"
"S100A101",3.82860765890669e-06,0.258732327676234,0.794,0.608,0.0525055254342464,"2","S100A10"
"HMOX2",5.14590027478334e-06,0.430360228768949,0.265,0.166,0.0705708763683788,"2","HMOX2"
"CCDC109B1",5.37753297291665e-06,0.35179990554355,0.424,0.305,0.073747487190579,"2","CCDC109B"
"SRSF7",8.61431193621698e-06,0.328976505835701,0.609,0.458,0.11813667389328,"2","SRSF7"
"GTF3A",1.12303939572289e-05,0.362106071866323,0.634,0.498,0.154013622729437,"2","GTF3A"
"KRTCAP2",1.24466082707109e-05,0.379398730535592,0.401,0.284,0.170692785824529,"2","KRTCAP2"
"DDX18",1.25166527629172e-05,0.49042280678986,0.25,0.158,0.171653375990647,"2","DDX18"
"RPL411",1.3391781761074e-05,0.301792366197703,0.655,0.518,0.183654895071369,"2","RPL41"
"ARL4C",1.38688843744905e-05,0.255172327564048,0.282,0.18,0.190197880311763,"2","ARL4C"
"DAD1",1.90677988225474e-05,0.347076816522578,0.468,0.346,0.261495793052415,"2","DAD1"
"MATR3",2.26151164262056e-05,0.522021700265667,0.263,0.174,0.310143706668984,"2","MATR3"
"HSPE1",2.40150420158791e-05,0.478869801009292,0.294,0.192,0.329342286205766,"2","HSPE1"
"IDS",2.7748317774412e-05,0.372197646477213,0.326,0.228,0.380540429958286,"2","IDS"
"NECAP2",3.03216221109182e-05,0.431109673911298,0.254,0.168,0.415830725629132,"2","NECAP2"
"CD47",3.27406614266668e-05,0.41532502891699,0.334,0.228,0.449005430805308,"2","CD47"
"MINOS1",3.28066690977735e-05,0.270143980593336,0.351,0.245,0.449910660006866,"2","MINOS1"
"ATPIF1",4.52300844964171e-05,0.284904550376863,0.412,0.29,0.620285378783864,"2","ATPIF1"
"MRPL34",5.20886025188183e-05,0.408583743270022,0.271,0.179,0.714343094943074,"2","MRPL34"
"USMG5",5.22748037812271e-05,0.328730495702894,0.267,0.173,0.716896659055748,"2","USMG5"
"TRMT112",5.46793718807503e-05,0.360310883350421,0.489,0.354,0.74987290597261,"2","TRMT112"
"PRDX1",6.33556293980764e-05,0.358958249053617,0.391,0.286,0.868859101565219,"2","PRDX1"
"GYPC1",7.09348451681802e-05,0.356825750470185,0.384,0.272,0.972800466636423,"2","GYPC"
"TCEA1",7.11857004398464e-05,0.336077516222436,0.296,0.204,0.976240695832054,"2","TCEA1"
"FNBP1",7.56720336401173e-05,0.365525546157611,0.286,0.196,1,"2","FNBP1"
"SIGIRR",7.71617039596606e-05,0.408192967551661,0.305,0.21,1,"2","SIGIRR"
"MGST3",7.99925655929901e-05,0.384579507076684,0.294,0.199,1,"2","MGST3"
"TRAM1",8.06050166302086e-05,0.646687729617774,0.269,0.183,1,"2","TRAM1"
"CHURC1",8.12321789298576e-05,0.447782801848517,0.269,0.178,1,"2","CHURC1"
"MRP63",9.28751777080628e-05,0.395901282513834,0.273,0.185,1,"2","MRP63"
"PTGES3",9.37792863526798e-05,0.332937565566979,0.513,0.386,1,"2","PTGES3"
"HNRNPR",0.000111282126841195,0.321561748634954,0.282,0.19,1,"2","HNRNPR"
"KHDRBS1",0.0001160575069028,0.566243687231539,0.321,0.228,1,"2","KHDRBS1"
"ATP1A1",0.000116826194194841,0.31373981654589,0.261,0.178,1,"2","ATP1A1"
"CIB1",0.000118019101194911,0.285335217463039,0.506,0.39,1,"2","CIB1"
"EIF4B",0.000119921746659868,0.369166294204544,0.319,0.222,1,"2","EIF4B"
"EIF3E1",0.000124687219074326,0.354333984101429,0.468,0.355,1,"2","EIF3E"
"EIF3I",0.000128779564399606,0.260842369079122,0.41,0.299,1,"2","EIF3I"
"ANXA11",0.000142350820933723,0.351637684446387,0.347,0.255,1,"2","ANXA11"
"EWSR1",0.000165346909468234,0.68163498990949,0.265,0.181,1,"2","EWSR1"
"NDFIP11",0.000173102046685525,0.279705262673197,0.416,0.305,1,"2","NDFIP1"
"OSTC",0.000177582503014362,0.304149396719976,0.256,0.173,1,"2","OSTC"
"IK",0.000201462654803919,0.454910550969436,0.303,0.218,1,"2","IK"
"RPA2",0.000264861923054749,0.395555249746903,0.25,0.167,1,"2","RPA2"
"PCNP1",0.000268851418422589,0.290575460081839,0.336,0.24,1,"2","PCNP"
"NUTF2",0.000273883112617002,0.457318035504543,0.252,0.177,1,"2","NUTF2"
"PYURF",0.000289706948531698,0.311218052166906,0.366,0.269,1,"2","PYURF"
"TMED10",0.000300523155498666,0.390630589431892,0.254,0.177,1,"2","TMED10"
"DOK21",0.000314666201349123,0.546723210963327,0.311,0.226,1,"2","DOK2"
"DYNLRB1",0.000325475319959079,0.434573937448527,0.366,0.265,1,"2","DYNLRB1"
"TMEM14B",0.00037592009750953,0.459710624633906,0.315,0.223,1,"2","TMEM14B"
"ANXA7",0.000381143707760323,0.27495453378548,0.294,0.207,1,"2","ANXA7"
"GRK6",0.000484961325492472,0.288417044858739,0.254,0.175,1,"2","GRK6"
"GPSM3",0.000488634806095511,0.311558642579013,0.763,0.645,1,"2","GPSM3"
"S1PR4",0.000500254640962705,0.470084455899269,0.332,0.248,1,"2","S1PR4"
"XRCC5",0.000542775975142851,0.310192085961545,0.315,0.226,1,"2","XRCC5"
"CUTA1",0.000546824959059888,0.282174576071947,0.534,0.414,1,"2","CUTA"
"HSPA5",0.000567261748555925,0.259064299102382,0.265,0.186,1,"2","HSPA5"
"HNRNPU",0.000579855879417446,0.370275301882661,0.317,0.234,1,"2","HNRNPU"
"ACP1",0.000610703719351902,0.46086669721232,0.313,0.22,1,"2","ACP1"
"CCT3",0.000717507124790018,0.315868756203065,0.273,0.197,1,"2","CCT3"
"PDIA3",0.000805039040536082,0.388593796971692,0.42,0.32,1,"2","PDIA3"
"RPS27L",0.000915750694696404,0.627724379929476,0.29,0.208,1,"2","RPS27L"
"MDH1",0.000916697192469895,0.292410760963104,0.303,0.222,1,"2","MDH1"
"NDUFB4",0.00094955366518934,0.256792360637901,0.328,0.249,1,"2","NDUFB4"
"DCK",0.00101311790904557,0.392036305770988,0.256,0.177,1,"2","DCK"
"LSM2",0.0010293943518449,0.265549917318845,0.267,0.19,1,"2","LSM2"
"CCND3",0.0010920739103728,0.326260448734421,0.504,0.393,1,"2","CCND3"
"TRAPPC6A",0.00128210254597283,0.359050543933682,0.258,0.188,1,"2","TRAPPC6A"
"CACYBP",0.00131446328793405,0.271605514577373,0.252,0.181,1,"2","CACYBP"
"TMED2",0.00136870641844111,0.318139798171802,0.349,0.26,1,"2","TMED2"
"NDUFA12",0.00151320840999114,0.322111662898372,0.288,0.208,1,"2","NDUFA12"
"SEPW1",0.00209789548215111,0.256522327884952,0.315,0.241,1,"2","SEPW1"
"UBE2L3",0.00242357144169114,0.270307751158492,0.3,0.225,1,"2","UBE2L3"
"TMEM243",0.00327537833393654,0.255289230931346,0.263,0.191,1,"2","TMEM243"
"FUS",0.00338056043625401,0.655863977686433,0.34,0.265,1,"2","FUS"
"NSA2",0.00404562093613725,1.02842796552165,0.282,0.212,1,"2","NSA2"
"PSMA5",0.00440365498344719,0.278794870109685,0.334,0.255,1,"2","PSMA5"
"SF3B2",0.00490388317339496,0.377287530797716,0.263,0.194,1,"2","SF3B2"
"HMGB21",0.0050514567899862,0.273646284176182,0.389,0.309,1,"2","HMGB2"
"RALY",0.00524965490111606,0.333861582593507,0.282,0.216,1,"2","RALY"
"TMEM59",0.00636060501520608,0.364759052551042,0.479,0.381,1,"2","TMEM59"
"CSDE1",0.00732027556685533,0.285103057277242,0.366,0.29,1,"2","CSDE1"
"ARHGEF1",0.00820477699096478,0.268210685871522,0.294,0.227,1,"2","ARHGEF1"
"HNRNPM",0.00840453894479309,0.326838822539308,0.372,0.3,1,"2","HNRNPM"
"STK4",0.0096472668133154,0.471156144470598,0.261,0.195,1,"2","STK4"
"CD79A",0,6.91122123585034,0.936,0.041,0,"3","CD79A"
"MS4A1",0,5.71851982869506,0.855,0.053,0,"3","MS4A1"
"CD79B",0,4.6367473889712,0.916,0.142,0,"3","CD79B"
"HLA-DQA1",0,3.97183579402803,0.89,0.118,0,"3","HLA-DQA1"
"HLA-DQB1",0,4.04484736802301,0.863,0.147,0,"3","HLA-DQB1"
"HLA-DRB11",0,2.21607263763767,0.983,0.381,0,"3","HLA-DRB1"
"TCL1A",0,6.68805138725732,0.622,0.022,0,"3","TCL1A"
"HLA-DRB51",0,2.20967659333316,0.852,0.276,0,"3","HLA-DRB5"
"HLA-DPA11",0,2.1409756752451,0.977,0.421,0,"3","HLA-DPA1"
"LINC00926",0,7.37975668388705,0.564,0.009,0,"3","LINC00926"
"HLA-DPB11",0,2.50394286711188,0.985,0.449,0,"3","HLA-DPB1"
"HLA-DRA1",0,2.8530286247696,1,0.494,0,"3","HLA-DRA"
"HLA-DMA1",0,2.52569331712877,0.695,0.201,0,"3","HLA-DMA"
"VPREB3",0,7.13505065864305,0.488,0.007,0,"3","VPREB3"
"HLA-DQA2",0,3.82247474150743,0.523,0.065,0,"3","HLA-DQA2"
"BANK1",0,4.51958916914491,0.483,0.037,0,"3","BANK1"
"HLA-DMB1",0,2.92226307061025,0.549,0.126,0,"3","HLA-DMB"
"HVCN1",0,3.36633269228742,0.491,0.068,0,"3","HVCN1"
"FCER2",0,6.36063050159685,0.381,0.009,0,"3","FCER2"
"LY861",0,1.96511046882186,0.465,0.151,0,"3","LY86"
"TSPAN13",0,6.05770194126722,0.311,0.007,0,"3","TSPAN13"
"IRF8",0,3.40190236954795,0.375,0.071,0,"3","IRF8"
"EAF2",0,3.83692136063476,0.352,0.056,0,"3","EAF2"
"SNX2",0,2.12810570883511,0.471,0.176,0,"3","SNX2"
"PDLIM1",0,3.69257972467748,0.317,0.024,0,"3","PDLIM1"
"FCRLA",0,6.72078965680431,0.297,0.006,0,"3","FCRLA"
"HLA-DOB",0,5.48400188718993,0.288,0.011,0,"3","HLA-DOB"
"PPAPDC1B",0,3.6820456959817,0.314,0.044,0,"3","PPAPDC1B"
"GNG7",0,4.64038762892779,0.288,0.018,0,"3","GNG7"
"SNHG7",0,1.69833254567325,0.5,0.231,0,"3","SNHG7"
"CYB561A3",0,3.21296142589733,0.326,0.058,0,"3","CYB561A3"
"PKIG",0,5.52361140199933,0.276,0.008,0,"3","PKIG"
"ISG201",0,1.46084821156633,0.695,0.427,0,"3","ISG20"
"LTB2",0,0.773660716708884,0.936,0.669,0,"3","LTB"
"BLK",0,4.68464015792693,0.282,0.015,0,"3","BLK"
"CD40",0,4.12510485104306,0.291,0.026,0,"3","CD40"
"NCF11",0,1.92425885933616,0.392,0.132,0,"3","NCF1"
"SMIM14",0,3.16370406474315,0.323,0.069,0,"3","SMIM14"
"P2RX5",0,4.81147938473451,0.273,0.02,0,"3","P2RX5"
"CD72",0,5.43064302054843,0.265,0.013,0,"3","CD72"
"CXCR41",0,1.23660260057403,0.811,0.569,0,"3","CXCR4"
"MARCH1",0,3.56878684429892,0.282,0.045,0,"3","MARCH1"
"PLEKHF2",0,3.08860262363249,0.294,0.06,0,"3","PLEKHF2"
"QRSL1",0,3.70003973556456,0.27,0.037,0,"3","QRSL1"
"FAIM3",0,1.80399791652696,0.41,0.178,0,"3","FAIM3"
"PTPRCAP",0,0.791095832478564,0.843,0.612,0,"3","PTPRCAP"
"MEF2C",0,3.55736526160712,0.267,0.042,0,"3","MEF2C"
"CD37",0,2.05466592043703,0.962,0.741,0,"3","CD37"
"LAT2",0,2.74071296104835,0.25,0.069,0,"3","LAT2"
"CD74",0,2.98654211129718,1,0.821,0,"3","CD74"
"SYPL1",0,1.76474802541877,0.297,0.122,0,"3","SYPL1"
"STX7",0,2.07878341649575,0.273,0.102,0,"3","STX7"
"BIRC3",0,1.65149132721433,0.262,0.111,0,"3","BIRC3"
"LIMD2",0,0.655865872594938,0.756,0.643,0,"3","LIMD2"
"LAPTM5",0,1.11262118095496,0.872,0.781,0,"3","LAPTM5"
"CD521",0,0.571163810241858,0.953,0.886,0,"3","CD52"
"RPS11",0,0.711628433618616,0.991,0.943,0,"3","RPS11"
"RPSA2",0,0.444858513311213,0.988,0.954,0,"3","RPSA"
"RPS51",0,0.578711443407235,1,0.976,0,"3","RPS5"
"RPS231",0,0.645100173481985,1,0.98,0,"3","RPS23"
"GNB2L1",0,0.452908056013415,0.997,0.978,0,"3","GNB2L1"
"RPS81",0,0.445567724460414,1,0.986,0,"3","RPS8"
"RPL8",0,0.44071661718569,1,0.986,0,"3","RPL8"
"RPL29",0,0.33533017511416,0.997,0.985,0,"3","RPL29"
"RPL10A1",0,0.378524899085888,0.997,0.985,0,"3","RPL10A"
"RPL181",0,0.384797624419836,0.994,0.982,0,"3","RPL18"
"RPL18A1",0,0.610881554516634,1,0.993,0,"3","RPL18A"
"RPL121",0,0.361368159933561,0.997,0.991,0,"3","RPL12"
"RPL151",0,0.384411431038949,1,0.995,0,"3","RPL15"
"RPS272",0,0.377165826522425,0.997,0.993,0,"3","RPS27"
"RPL13A1",0,0.413995600998081,1,0.999,0,"3","RPL13A"
"FAU",2.22044604925031e-16,0.318261526612278,0.994,0.983,3.04511971194188e-12,"3","FAU"
"RPS182",6.66133814775094e-16,0.276879361700981,1,0.997,9.13535913582564e-12,"3","RPS18"
"RPL23A2",1.77635683940025e-15,0.297787710936498,1,0.99,2.4360957695535e-11,"3","RPL23A"
"RPS212",2.44249065417534e-15,0.475897146002406,0.907,0.859,3.34963168313607e-11,"3","RPS21"
"PRKCB",3.77475828372553e-15,1.61947279577803,0.265,0.121,5.1767035103012e-11,"3","PRKCB"
"RPL191",7.99360577730113e-15,0.251872290746609,1,0.994,1.09624309629908e-10,"3","RPL19"
"RPL91",9.99200722162641e-15,0.313637817299036,0.997,0.975,1.37030387037385e-10,"3","RPL9"
"SNX31",1.22124532708767e-14,0.997122864993901,0.581,0.449,1.67481584156803e-10,"3","SNX3"
"RPS131",1.22124532708767e-14,0.348697335687515,0.997,0.963,1.67481584156803e-10,"3","RPS13"
"EEF2",2.53130849614536e-14,0.612611107273197,0.866,0.833,3.47143647161374e-10,"3","EEF2"
"FAM26F1",2.93098878501041e-14,1.27861567299304,0.366,0.209,4.01955801976328e-10,"3","FAM26F"
"RPL211",9.32587340685131e-14,0.287159271441231,1,0.992,1.27895027901559e-09,"3","RPL21"
"RPS191",2.4846791291111e-13,0.258818478203488,1,0.993,3.40748895766296e-09,"3","RPS19"
"POLD4",2.75113265502114e-13,1.1355016998505,0.485,0.328,3.77290332309599e-09,"3","POLD4"
"RPLP22",3.9146463848283e-13,0.252269646483667,0.997,0.992,5.36854605215353e-09,"3","RPLP2"
"RPL37A1",6.7612582199672e-13,0.335592378114485,0.977,0.952,9.27238952286302e-09,"3","RPL37A"
"PLAC8",7.4229511426438e-13,0.81958443022574,0.576,0.441,1.01798351970217e-08,"3","PLAC8"
"EEF1B21",8.58646487245096e-13,0.501137203549334,0.913,0.884,1.17754779260792e-08,"3","EEF1B2"
"GLTSCR21",3.5669245335157e-12,0.389802141875534,0.89,0.825,4.89168030526344e-08,"3","GLTSCR2"
"RPL371",5.30420152244915e-12,0.308719054378484,0.968,0.952,7.27418196788676e-08,"3","RPL37"
"RPL351",5.71231950630136e-12,0.30899780364888,0.98,0.97,7.83387497094168e-08,"3","RPL35"
"RPL22L1",8.60556070847451e-12,1.59309920418385,0.323,0.182,1.18016659556019e-07,"3","RPL22L1"
"RPL51",2.00497396463106e-11,0.285027288666992,0.988,0.972,2.74962129509504e-07,"3","RPL5"
"RCSD1",2.97371016699799e-11,1.18236469875362,0.328,0.199,4.07814612302104e-07,"3","RCSD1"
"SEC62",3.16242587672377e-11,1.22279196333375,0.337,0.205,4.33695084733898e-07,"3","SEC62"
"RPS3A1",6.53013199070074e-11,0.282447831926601,0.991,0.979,8.95542301204699e-07,"3","RPS3A"
"PNISR",1.31234800804236e-10,0.92076046641202,0.477,0.357,1.7997540582293e-06,"3","PNISR"
"BLOC1S2",5.98226357340081e-10,1.4030849319395,0.262,0.147,8.20407626456188e-06,"3","BLOC1S2"
"RPL271",7.19108550484293e-10,0.281999907074161,0.977,0.955,9.8618546613416e-06,"3","RPL27"
"HMGN11",2.09571426879052e-09,0.542309066808108,0.622,0.517,2.87406254821931e-05,"3","HMGN1"
"TMEM2431",3.22819992959467e-09,1.1308672810933,0.305,0.189,4.42715338344613e-05,"3","TMEM243"
"RNASEH2B",4.05895717037197e-09,1.02042719010887,0.265,0.152,5.56645386344812e-05,"3","RNASEH2B"
"POU2F21",4.21750989687553e-09,1.08069878502855,0.259,0.145,5.7838930725751e-05,"3","POU2F2"
"CD692",5.22818721648832e-09,0.864066636956768,0.468,0.345,7.16993594869209e-05,"3","CD69"
"RPSAP582",9.75204184072709e-09,0.390051847963339,0.82,0.723,0.000133739501803731,"3","RPSAP58"
"DRAM2",1.1756865259116e-08,1.0039342087163,0.253,0.148,0.000161233650163517,"3","DRAM2"
"SELL1",4.68369125705692e-08,1.03054329593343,0.573,0.458,0.000642321418992786,"3","SELL"
"EIF4A21",6.56009175870054e-08,0.455990709845124,0.701,0.632,0.000899650983788192,"3","EIF4A2"
"TSC22D31",7.22550532739064e-08,0.42103703425527,0.791,0.748,0.000990905800598352,"3","TSC22D3"
"ZFP36L1",3.16076835149559e-07,0.812496264819519,0.326,0.23,0.00433467771724105,"3","ZFP36L1"
"ATP6V1G1",3.46848471055594e-07,0.454996648317636,0.654,0.602,0.00475667993205642,"3","ATP6V1G1"
"SP100",4.33323373627559e-07,0.83728137793436,0.358,0.256,0.00594259674592834,"3","SP100"
"ARPC31",4.56307178486881e-07,0.250858246244788,0.881,0.808,0.00625779664576909,"3","ARPC3"
"CD53",6.00961510777154e-07,0.648361757258897,0.608,0.539,0.00824158615879789,"3","CD53"
"DCK1",9.98232011495404e-07,1.13233823533106,0.267,0.18,0.013689753805648,"3","DCK"
"PAPOLA",1.0798079732588e-06,1.11501488909027,0.294,0.207,0.0148084865452711,"3","PAPOLA"
"BTG11",1.10334587422045e-06,0.31299041480448,0.913,0.876,0.0151312853190593,"3","BTG1"
"EZR",2.61968391512823e-06,1.10173938914434,0.273,0.186,0.0359263452120686,"3","EZR"
"CCNI1",3.13131343920858e-06,0.477710477062213,0.669,0.625,0.0429428325053065,"3","CCNI"
"ANAPC16",3.62409014864618e-06,0.731827761614459,0.535,0.474,0.0497007722985336,"3","ANAPC16"
"HERPUD1",3.90821886564474e-06,0.88359964119238,0.288,0.201,0.053597313523452,"3","HERPUD1"
"PTPN6",9.61316151903979e-06,0.765763026079172,0.372,0.284,0.131834897072112,"3","PTPN6"
"ERP29",1.15235311526352e-05,0.492550680291161,0.599,0.558,0.158033706227239,"3","ERP29"
"UCP2",1.28479802599113e-05,0.65035166857961,0.593,0.557,0.176197201284424,"3","UCP2"
"SP110",1.36435894608766e-05,0.73777847260118,0.355,0.273,0.187108185866462,"3","SP110"
"CIRBP",2.66365951953063e-05,0.415007348570002,0.727,0.704,0.36529426650843,"3","CIRBP"
"TXNIP",2.71730008929438e-05,0.427065786717634,0.77,0.758,0.372650534245832,"3","TXNIP"
"RASGRP2",2.94145402732759e-05,1.46484685250401,0.308,0.233,0.403391005307706,"3","RASGRP2"
"RHOH2",4.27915664553691e-05,0.664298317977765,0.323,0.239,0.586843542368932,"3","RHOH"
"NBEAL11",4.93312247278332e-05,0.371761270158961,0.695,0.684,0.676528415917505,"3","NBEAL1"
"TAF7",5.54287193565983e-05,0.925095647783154,0.291,0.216,0.760149457256389,"3","TAF7"
"FAM65B",6.8287571588499e-05,0.762676231271763,0.358,0.294,0.936495756764675,"3","FAM65B"
"HNRNPA2B1",8.24080815227113e-05,0.375890580902419,0.654,0.634,1,"3","HNRNPA2B1"
"STK17A1",0.00010781338827015,0.833208212522939,0.375,0.31,1,"3","STK17A"
"RPL231",0.000114434510624317,0.302532995445702,0.846,0.86,1,"3","RPL23"
"LSM7",0.000158809183798958,0.639910742614367,0.334,0.262,1,"3","LSM7"
"TSTD11",0.000388132041740041,0.854177634685945,0.279,0.218,1,"3","TSTD1"
"LSM101",0.000408682071146638,0.903027938739711,0.267,0.204,1,"3","LSM10"
"TCEA11",0.00070136862623893,0.670282843761304,0.273,0.212,1,"3","TCEA1"
"EIF4G2",0.00070626630291315,0.578048445561827,0.358,0.304,1,"3","EIF4G2"
"HNRNPDL",0.000716539148974515,0.550373377135284,0.602,0.606,1,"3","HNRNPDL"
"UBE2L61",0.000801026749404357,0.263751235148769,0.244,0.361,1,"3","UBE2L6"
"UQCRH",0.0010094548150712,0.718228626327883,0.491,0.45,1,"3","UQCRH"
"HMGB1",0.00159121752210512,0.592176592611433,0.64,0.633,1,"3","HMGB1"
"EVI2B",0.00179667171818565,0.500988993891574,0.366,0.321,1,"3","EVI2B"
"SEP15",0.00210009985897397,0.714647002482608,0.331,0.292,1,"3","SEP15"
"LSM21",0.00317135415491965,0.706609864359375,0.25,0.197,1,"3","LSM2"
"SPCS2",0.00709680229022713,0.596019438686715,0.331,0.301,1,"3","SPCS2"
"C11orf311",0.00830823164396532,0.375102032247364,0.474,0.442,1,"3","C11orf31"
"HNRNPK",0.00878413128578082,0.393238966571177,0.506,0.496,1,"3","HNRNPK"
"NKG7",0,2.45966452715542,0.966,0.216,0,"4","NKG7"
"CCL5",0,3.32613522613387,0.983,0.234,0,"4","CCL5"
"GZMA",0,2.62103624855127,0.818,0.121,0,"4","GZMA"
"CST7",0,2.62644424034168,0.797,0.122,0,"4","CST7"
"CTSW",0,2.17950493237735,0.818,0.235,0,"4","CTSW"
"GZMK",0,4.40753994060933,0.577,0.055,0,"4","GZMK"
"IL321",0,1.50611059954055,0.942,0.504,0,"4","IL32"
"LYAR",0,2.18309311603945,0.56,0.135,0,"4","LYAR"
"CD8A",0,3.34753421239591,0.491,0.072,0,"4","CD8A"
"KLRG1",0,3.02263153284339,0.478,0.07,0,"4","KLRG1"
"CD3D2",0,1.27176577958299,0.876,0.476,0,"4","CD3D"
"GZMM",0,1.83098397443845,0.584,0.202,0,"4","GZMM"
"PRF1",0,1.19359224438161,0.488,0.115,0,"4","PRF1"
"GZMH",0,3.73640097095732,0.419,0.061,0,"4","GZMH"
"HOPX",0,1.94714673787461,0.412,0.116,0,"4","HOPX"
"PTPRCAP1",0,1.15921284860868,0.893,0.611,0,"4","PTPRCAP"
"HCST",0,1.29386957475092,0.787,0.51,0,"4","HCST"
"LCK2",0,1.06985235342473,0.608,0.331,0,"4","LCK"
"CD8B",0,2.1985473633436,0.371,0.097,0,"4","CD8B"
"CD3E2",0,0.840981972460128,0.722,0.456,0,"4","CD3E"
"CCL4",0,1.49708720715575,0.344,0.085,0,"4","CCL4"
"APOBEC3G",0,2.12060907942606,0.44,0.189,0,"4","APOBEC3G"
"SAMD3",0,2.05807859033767,0.333,0.09,0,"4","SAMD3"
"CD99",0,0.932188513938688,0.722,0.48,0,"4","CD99"
"RARRES32",0,0.992679130949731,0.67,0.447,0,"4","RARRES3"
"C12orf75",0,1.81165909599459,0.333,0.113,0,"4","C12orf75"
"FGFBP2",0,1.25950345860352,0.299,0.086,0,"4","FGFBP2"
"DUSP21",0,1.52574368820901,0.447,0.236,0,"4","DUSP2"
"CD22",0,1.10798192253431,0.502,0.296,0,"4","CD2"
"NCR3",0,2.69019224518345,0.275,0.072,0,"4","NCR3"
"GZMB",0,0.417135699531362,0.296,0.099,0,"4","GZMB"
"CHST12",0,1.60950134327659,0.268,0.098,0,"4","CHST12"
"APMAP",0,1.43485646171673,0.268,0.105,0,"4","APMAP"
"MYL12A1",0,0.490551828516353,0.948,0.865,0,"4","MYL12A"
"HLA-E",0,0.544113060687277,0.942,0.881,0,"4","HLA-E"
"HLA-B",0,0.602300622933357,0.979,0.944,0,"4","HLA-B"
"HLA-A1",0,0.747172262928244,0.993,0.962,0,"4","HLA-A"
"HLA-C",0,0.894988686168116,0.997,0.98,0,"4","HLA-C"
"MALAT11",0,0.51775886314571,1,1,0,"4","MALAT1"
"B2M1",0,0.707604286012272,1,1,0,"4","B2M"
"MT-CYB",3.84137166520304e-14,0.528716507394117,0.952,0.929,5.26805710165945e-10,"4","MT-CYB"
"ZAP70",1.00808250635964e-13,1.63759093267466,0.278,0.127,1.38248434922161e-09,"4","ZAP70"
"PFN11",1.69642078162724e-13,0.460973738690568,0.976,0.942,2.3264714599236e-09,"4","PFN1"
"SLC9A3R1",9.82325332188339e-13,1.29428726920624,0.296,0.148,1.34716096056309e-08,"4","SLC9A3R1"
"TPST2",2.65720778713785e-12,1.53869498036816,0.271,0.128,3.64409475928085e-08,"4","TPST2"
"LITAF",5.34083888226178e-12,1.3573404048258,0.45,0.295,7.3244264431338e-08,"4","LITAF"
"ID21",1.32307498290629e-11,0.803372595050114,0.536,0.369,1.81446503155769e-07,"4","ID2"
"CALM11",1.4974910200749e-11,0.646817133839058,0.77,0.666,2.05365918493072e-07,"4","CALM1"
"FYN",2.20488072244507e-11,1.28131961001856,0.289,0.151,3.02377342276117e-07,"4","FYN"
"CD247",2.33713048913842e-11,0.58007859032616,0.423,0.249,3.20514075280443e-07,"4","CD247"
"GNLY",2.36659580821197e-11,0.54434553996817,0.313,0.164,3.24554949138189e-07,"4","GNLY"
"UBC",7.40125738474262e-11,0.364869617481611,0.887,0.849,1.0150084377436e-06,"4","UBC"
"ARPC5L",7.76585462602952e-11,1.12185267702046,0.309,0.171,1.06500930341369e-06,"4","ARPC5L"
"MYL12B1",9.08384478748303e-11,0.567043041902511,0.763,0.694,1.24575847415542e-06,"4","MYL12B"
"CD531",1.73619341126141e-10,0.60635201239946,0.639,0.536,2.3810156442039e-06,"4","CD53"
"CTSC",3.31628058347633e-10,0.908365034692021,0.399,0.252,4.54794719217944e-06,"4","CTSC"
"MYO1F1",3.89677179413184e-10,1.0074570801034,0.361,0.222,5.3440328384724e-06,"4","MYO1F"
"YWHAQ1",4.05036226780453e-10,1.0398366644564,0.409,0.274,5.55466681406713e-06,"4","YWHAQ"
"DDX52",5.33745492248272e-10,0.39654701977746,0.883,0.805,7.3197856806928e-06,"4","DDX5"
"IL2RG1",8.29723845185981e-10,0.773622382753485,0.56,0.426,1.13788328128805e-05,"4","IL2RG"
"ANXA12",1.27269372818262e-09,0.678127155752708,0.701,0.58,1.74537217882964e-05,"4","ANXA1"
"CD3G2",2.40804665097016e-09,1.18269380895446,0.33,0.205,3.30239517714048e-05,"4","CD3G"
"BIN2",2.90260926405495e-09,0.842659647741494,0.478,0.356,3.98063834472495e-05,"4","BIN2"
"C9orf142",6.27610496906073e-09,1.60854125376212,0.354,0.228,8.60705035456988e-05,"4","C9orf142"
"LAT3",6.6008956078889e-09,0.95126600308014,0.337,0.205,9.05246823665884e-05,"4","LAT"
"GIMAP72",1.00014929671488e-08,0.398709489765229,0.656,0.526,0.000137160474551479,"4","GIMAP7"
"PLEK",1.0020841934022e-08,1.23590009868326,0.275,0.157,0.000137425826283177,"4","PLEK"
"MT-ND2",1.5967886790591e-08,0.467816581610173,0.918,0.89,0.000218983599446165,"4","MT-ND2"
"SUN2",1.89882272128017e-08,0.984035564605199,0.364,0.237,0.000260404547996362,"4","SUN2"
"SEPT7",2.37380377576812e-08,0.704653218991752,0.45,0.326,0.000325543449808841,"4","SEPT7"
"PIM11",2.4602825776654e-08,1.02750830935994,0.289,0.173,0.000337403152701032,"4","PIM1"
"ANXA6",2.80454885981385e-08,0.891190646105194,0.405,0.282,0.000384615830634871,"4","ANXA6"
"HSPA51",3.02471310220653e-08,1.14945919037697,0.302,0.187,0.000414809154836604,"4","HSPA5"
"ARL4C1",4.15741869819186e-08,0.991412331489861,0.306,0.185,0.000570148400270032,"4","ARL4C"
"IFITM11",4.53075486017696e-08,0.602850440746728,0.588,0.463,0.000621347721524668,"4","IFITM1"
"HLA-F",6.07513674921734e-08,0.83303406798991,0.43,0.32,0.000833144253787665,"4","HLA-F"
"HSP90AA11",7.89874516904376e-08,0.467251725486737,0.615,0.527,0.00108323391248266,"4","HSP90AA1"
"RPS27A2",2.70635606147707e-07,0.262541938249378,1,0.971,0.00371149670270965,"4","RPS27A"
"STK17A2",3.59728627108424e-07,0.569949887610524,0.43,0.305,0.00493331839216493,"4","STK17A"
"TUBA4A1",3.64989295675855e-07,0.740566614796693,0.347,0.239,0.00500546320089867,"4","TUBA4A"
"PPP2R5C1",4.27302013994435e-07,0.817852588069874,0.344,0.231,0.00586001981991968,"4","PPP2R5C"
"PPP1R18",4.31817570145654e-07,0.781054632199872,0.378,0.273,0.0059219461569775,"4","PPP1R18"
"PTPRC",4.5519995439669e-07,0.541376787296558,0.54,0.445,0.00624261217459621,"4","PTPRC"
"RAP1B",4.83412236018665e-07,0.498476983190938,0.46,0.352,0.00662951540475998,"4","RAP1B"
"SH3BGRL31",5.72690464606396e-07,0.268538253495607,0.935,0.849,0.00785387703161211,"4","SH3BGRL3"
"HSP90B1",9.12477935655076e-07,0.705990098206773,0.34,0.235,0.0125137224095737,"4","HSP90B1"
"DHRS7",2.76936238163827e-06,0.707010025011014,0.405,0.309,0.0379790357017873,"4","DHRS7"
"MT-ND4",6.4477815031605e-06,0.282994812725678,0.959,0.958,0.0884248755343431,"4","MT-ND4"
"GIMAP42",8.14289773654053e-06,0.343212496462106,0.533,0.45,0.111671699558917,"4","GIMAP4"
"HNRNPK1",1.01588846093126e-05,0.520503338120498,0.557,0.49,0.139318943532113,"4","HNRNPK"
"TMBIM6",1.248039733448e-05,0.35642126328241,0.57,0.51,0.171156169045059,"4","TMBIM6"
"PDIA31",1.59957376568709e-05,0.92028765042884,0.412,0.329,0.219365546226328,"4","PDIA3"
"RPA21",1.68629071752857e-05,0.789825818055137,0.261,0.172,0.231257909001868,"4","RPA2"
"CFL1",1.91998633012336e-05,0.252502279841784,0.948,0.912,0.263306925313117,"4","CFL1"
"ZFP36L22",2.22230202844287e-05,0.47990398112808,0.701,0.646,0.304766500180655,"4","ZFP36L2"
"CCND31",2.23704787138956e-05,0.573910912475178,0.488,0.404,0.306788745082365,"4","CCND3"
"CXCR42",3.09047488231684e-05,0.301265851437494,0.67,0.592,0.423827725360931,"4","CXCR4"
"GUK11",3.38480393247131e-05,0.584438804482312,0.543,0.473,0.464192011299116,"4","GUK1"
"XBP1",3.4960916697635e-05,0.662967766231383,0.368,0.276,0.479454011591367,"4","XBP1"
"BUB31",3.85580746915526e-05,0.737659917442111,0.289,0.205,0.528785436319952,"4","BUB3"
"CLIC11",3.90949995821011e-05,0.292898174275494,0.722,0.636,0.536148824268934,"4","CLIC1"
"ACTG11",3.944308649384e-05,0.359695780359064,0.887,0.861,0.540922488176522,"4","ACTG1"
"UBB",4.53839838707726e-05,0.427649021585538,0.79,0.781,0.622395954803775,"4","UBB"
"SRSF71",5.0346340880969e-05,0.478418712752683,0.543,0.478,0.690449718841609,"4","SRSF7"
"TMEM50A",6.27446461940462e-05,1.51012375454278,0.333,0.258,0.860480077905149,"4","TMEM50A"
"IL7R2",6.61758300719573e-05,0.618406118493624,0.467,0.395,0.907535333606822,"4","IL7R"
"TERF2IP1",7.87466418179505e-05,0.562097969982376,0.306,0.22,1,"4","TERF2IP"
"PPIA",7.8861512056605e-05,0.395714013229838,0.77,0.739,1,"4","PPIA"
"ARL6IP51",9.39460307598505e-05,0.518495668073329,0.505,0.45,1,"4","ARL6IP5"
"CKLF1",0.000111868435576756,0.767619983738535,0.285,0.207,1,"4","CKLF"
"PSMB9",0.000134126693135839,0.336710339335645,0.629,0.581,1,"4","PSMB9"
"HSPA82",0.000174362557085805,0.348426206806222,0.704,0.671,1,"4","HSPA8"
"PPIB",0.000191985334301092,0.638355009211804,0.522,0.471,1,"4","PPIB"
"RASSF5",0.000236719100247917,0.698097714786095,0.251,0.175,1,"4","RASSF5"
"AES2",0.000259473642051367,0.315523390278132,0.564,0.484,1,"4","AES"
"ITGB21",0.000278772039548514,0.317031994157177,0.546,0.462,1,"4","ITGB2"
"BTN3A2",0.000399473329032007,0.620430468148929,0.282,0.208,1,"4","BTN3A2"
"CD71",0.00042223708901834,0.389548946595989,0.45,0.357,1,"4","CD7"
"CALR",0.000440398105979956,0.614225318794735,0.347,0.272,1,"4","CALR"
"TAP11",0.000440580937922208,0.705643882768073,0.296,0.225,1,"4","TAP1"
"BIN12",0.000458946259203508,0.557744331847311,0.316,0.242,1,"4","BIN1"
"SPOCK22",0.00047239816535094,0.716627174299063,0.275,0.201,1,"4","SPOCK2"
"TMED9",0.000587170751864985,0.785845388451286,0.313,0.246,1,"4","TMED9"
"SNRPB",0.0006736479696412,0.715532775176155,0.395,0.341,1,"4","SNRPB"
"KRTCAP21",0.000756162273560346,0.525917096108271,0.368,0.298,1,"4","KRTCAP2"
"CDC37",0.000799156104099419,1.23093602269705,0.285,0.219,1,"4","CDC37"
"SPCS21",0.000944550239091235,0.619906667281788,0.368,0.297,1,"4","SPCS2"
"HNRNPA3",0.00105312007656067,0.589264813907835,0.361,0.306,1,"4","HNRNPA3"
"CAP1",0.00114921013171854,0.62525706294636,0.46,0.408,1,"4","CAP1"
"MEAF6",0.00115378868932847,0.49909192148682,0.33,0.27,1,"4","MEAF6"
"CAPN21",0.00119872632792739,0.921891916830499,0.275,0.216,1,"4","CAPN2"
"SDHC",0.00125666404806024,0.688641341719326,0.271,0.209,1,"4","SDHC"
"DSTN1",0.00138578687019097,0.655592572644806,0.254,0.192,1,"4","DSTN"
"GIMAP52",0.00150266868243043,0.968594461322364,0.347,0.278,1,"4","GIMAP5"
"CIRBP1",0.00156858151621431,0.287823184228156,0.742,0.703,1,"4","CIRBP"
"WIPF1",0.00160714943881213,0.639415806474944,0.265,0.201,1,"4","WIPF1"
"HMGB11",0.00161602335833977,0.295104468302014,0.663,0.63,1,"4","HMGB1"
"CMPK11",0.0019105624143847,0.757395552193339,0.426,0.371,1,"4","CMPK1"
"YWHAB",0.00191716324737423,0.290891163319328,0.557,0.499,1,"4","YWHAB"
"LSP1",0.00194415557713357,0.251928795751946,0.588,0.541,1,"4","LSP1"
"LCP1",0.00198117878778592,0.455528027260843,0.433,0.381,1,"4","LCP1"
"OCIAD22",0.00209509621880333,0.431498021544248,0.285,0.219,1,"4","OCIAD2"
"KMT2E",0.00232300248013528,0.545736241186272,0.296,0.236,1,"4","KMT2E"
"HNRNPR1",0.00240254422274577,0.66524423042356,0.261,0.2,1,"4","HNRNPR"
"IER21",0.00285705814382919,0.501569870520405,0.646,0.635,1,"4","IER2"
"IL10RA1",0.00359356179959636,0.796690113494484,0.261,0.206,1,"4","IL10RA"
"SNRPD22",0.00368031012046699,0.265879246773836,0.598,0.565,1,"4","SNRPD2"
"MT2A1",0.00426237708700983,0.379067018787867,0.378,0.31,1,"4","MT2A"
"XRCC51",0.00523627100342527,0.478031669599553,0.285,0.236,1,"4","XRCC5"
"MT-CO2",0.00532713176807631,0.272519441365302,0.893,0.913,1,"4","MT-CO2"
"GADD45B",0.00555157069350654,0.354911324131928,0.285,0.231,1,"4","GADD45B"
"C9orf16",0.00563092851587932,0.615929549874894,0.402,0.36,1,"4","C9orf16"
"DNAJB12",0.00578889054266463,0.520849401785438,0.333,0.287,1,"4","DNAJB1"
"TMEM591",0.00581732255762435,0.366459142082721,0.436,0.394,1,"4","TMEM59"
"ARF1",0.00601026318000897,0.273270365947119,0.485,0.451,1,"4","ARF1"
"C11orf58",0.00613688616733543,0.395669722996908,0.416,0.386,1,"4","C11orf58"
"PTGES31",0.0063245336616804,0.341546927549801,0.44,0.405,1,"4","PTGES3"
"MED10",0.00735018612256599,0.494655199105146,0.275,0.226,1,"4","MED10"
"OST4",0.0077532358530239,0.298309785012421,0.601,0.562,1,"4","OST4"
"CITED21",0.00943585762326715,0.739912191288591,0.275,0.223,1,"4","CITED2"
"P4HB1",0.00994765900430239,0.529136425946429,0.282,0.232,1,"4","P4HB"
"ACAP12",0.00995579268271385,0.667582688067501,0.344,0.298,1,"4","ACAP1"
"FCGR3A",0,4.06490197289953,0.975,0.134,0,"5","FCGR3A"
"IFITM31",0,3.21266497184427,0.975,0.177,0,"5","IFITM3"
"RP11-290F20.31",0,4.06379393395137,0.84,0.068,0,"5","RP11-290F20.3"
"CFD1",0,2.54613378253853,0.938,0.184,0,"5","CFD"
"SERPINA11",0,2.87668644815712,0.951,0.201,0,"5","SERPINA1"
"CD681",0,2.53999266353664,0.926,0.176,0,"5","CD68"
"MS4A71",0,4.38784960040904,0.809,0.073,0,"5","MS4A7"
"RHOC",0,3.25547114636515,0.864,0.144,0,"5","RHOC"
"SPI11",0,2.71178635420767,0.87,0.171,0,"5","SPI1"
"LST11",0,3.31945106176938,1,0.315,0,"5","LST1"
"FCER1G1",0,2.96612018341248,1,0.316,0,"5","FCER1G"
"STXBP21",0,2.64951423629675,0.883,0.203,0,"5","STXBP2"
"IFI301",0,2.92289822423111,0.796,0.124,0,"5","IFI30"
"HCK1",0,3.18079293811864,0.778,0.109,0,"5","HCK"
"AIF11",0,2.89927961904285,1,0.334,0,"5","AIF1"
"TYMP1",0,1.78501969401638,0.969,0.308,0,"5","TYMP"
"TYROBP1",0,1.8096037868738,1,0.358,0,"5","TYROBP"
"CST31",0,1.95509900012581,1,0.359,0,"5","CST3"
"CEBPB1",0,2.65678913352694,0.926,0.285,0,"5","CEBPB"
"PILRA1",0,3.41878659517841,0.716,0.079,0,"5","PILRA"
"BRI31",0,2.26134419015251,0.796,0.166,0,"5","BRI3"
"TIMP11",0,2.77042259570271,0.914,0.291,0,"5","TIMP1"
"CFP1",0,2.10467689866752,0.79,0.17,0,"5","CFP"
"BID1",0,2.48840953099921,0.778,0.169,0,"5","BID"
"FGR1",0,2.16751680567854,0.778,0.179,0,"5","FGR"
"ABI3",0,2.76291044376534,0.735,0.141,0,"5","ABI3"
"LRRC251",0,3.53032295821178,0.66,0.067,0,"5","LRRC25"
"FAM26F2",0,2.10508021748621,0.778,0.193,0,"5","FAM26F"
"NPC21",0,1.77045383051797,0.963,0.382,0,"5","NPC2"
"LILRA51",0,2.93215556045563,0.66,0.084,0,"5","LILRA5"
"WARS1",0,2.87350963916245,0.673,0.101,0,"5","WARS"
"HES4",0,4.99319999938728,0.586,0.02,0,"5","HES4"
"PYCARD1",0,1.83615156314108,0.901,0.337,0,"5","PYCARD"
"LYN",0,2.3850020682381,0.679,0.122,0,"5","LYN"
"LGALS11",0,1.61163715590562,0.994,0.443,0,"5","LGALS1"
"RHOG1",0,1.43067289166842,0.895,0.358,0,"5","RHOG"
"VASP1",0,1.70065982969663,0.778,0.242,0,"5","VASP"
"RGS21",0,1.7875714357497,0.778,0.245,0,"5","RGS2"
"CASP11",0,1.92396997436132,0.772,0.239,0,"5","CASP1"
"TKT1",0,1.60612166890582,0.852,0.319,0,"5","TKT"
"LILRB2",0,3.18424219701575,0.599,0.067,0,"5","LILRB2"
"CARD161",0,1.69717972250466,0.784,0.254,0,"5","CARD16"
"ANXA51",0,1.89823243444402,0.802,0.275,0,"5","ANXA5"
"HLA-DRB12",0,1.0503284700035,0.951,0.428,0,"5","HLA-DRB1"
"PSAP1",0,2.07484809388886,0.994,0.478,0,"5","PSAP"
"HLA-DRB52",0,1.01437874285829,0.833,0.32,0,"5","HLA-DRB5"
"HLA-DPA12",0,1.33038640968625,0.975,0.462,0,"5","HLA-DPA1"
"CTSS1",0,2.19738797121602,1,0.492,0,"5","CTSS"
"LILRA3",0,4.23242719757342,0.537,0.031,0,"5","LILRA3"
"C10orf541",0,1.51030005986561,0.846,0.342,0,"5","C10orf54"
"ANXA21",0,1.40784729927989,0.907,0.407,0,"5","ANXA2"
"C5AR11",0,2.53667424393399,0.568,0.068,0,"5","C5AR1"
"NAAA1",0,1.97477624954365,0.648,0.15,0,"5","NAAA"
"CSF1R",0,3.7150401575036,0.537,0.041,0,"5","CSF1R"
"CDKN1C",0,5.42881184073875,0.506,0.01,0,"5","CDKN1C"
"CDA1",0,1.73803800137633,0.611,0.116,0,"5","CDA"
"MAFB1",0,2.27296892556376,0.562,0.068,0,"5","MAFB"
"HMOX1",0,4.0416536272658,0.531,0.039,0,"5","HMOX1"
"S100A111",0,2.07443726250064,0.988,0.496,0,"5","S100A11"
"NINJ11",0,2.30745266906193,0.617,0.125,0,"5","NINJ1"
"HSBP11",0,2.23298673827516,0.623,0.132,0,"5","HSBP1"
"ASAH11",0,2.08232198535275,0.704,0.216,0,"5","ASAH1"
"PRELID11",0,1.55603474582534,0.926,0.44,0,"5","PRELID1"
"TNFRSF1B1",0,1.78929067038327,0.599,0.113,0,"5","TNFRSF1B"
"SLC7A71",0,2.11562007602522,0.593,0.107,0,"5","SLC7A7"
"CTSC1",0,1.77736544252822,0.722,0.238,0,"5","CTSC"
"FGL21",0,1.94584198670175,0.58,0.097,0,"5","FGL2"
"ARRB21",0,1.54677015985597,0.71,0.228,0,"5","ARRB2"
"C19orf381",0,2.56417754456127,0.556,0.075,0,"5","C19orf38"
"CSTB1",0,1.75642662441811,0.821,0.341,0,"5","CSTB"
"APOBEC3A1",0,2.3723423396421,0.574,0.096,0,"5","APOBEC3A"
"MT2A2",0,1.77518071380221,0.765,0.288,0,"5","MT2A"
"FKBP1A1",0,1.63024238000635,0.914,0.437,0,"5","FKBP1A"
"PTPN61",0,1.57737347911226,0.741,0.266,0,"5","PTPN6"
"HN11",0,1.95547750533692,0.691,0.216,0,"5","HN1"
"LILRB1",0,3.64241100974853,0.506,0.032,0,"5","LILRB1"
"TNFSF101",0,2.02575049119505,0.66,0.187,0,"5","TNFSF10"
"C1orf1621",0,1.3688917059757,0.833,0.36,0,"5","C1orf162"
"AP2S11",0,1.46002138477517,0.796,0.324,0,"5","AP2S1"
"ATP6V0B1",0,1.02965536729822,0.778,0.309,0,"5","ATP6V0B"
"FCN11",0,1.34995105453945,0.735,0.268,0,"5","FCN1"
"SLC31A2",0,3.22236818351904,0.525,0.06,0,"5","SLC31A2"
"GABARAP1",0,1.14280390422499,0.926,0.461,0,"5","GABARAP"
"RBX11",0,1.22154491976644,0.728,0.264,0,"5","RBX1"
"ISG151",0,1.24659953192432,0.883,0.42,0,"5","ISG15"
"BLOC1S11",0,1.37426612205092,0.747,0.284,0,"5","BLOC1S1"
"FCGRT1",0,0.873328094123316,0.667,0.205,0,"5","FCGRT"
"LGALS31",0,1.40921789221502,0.679,0.218,0,"5","LGALS3"
"CHCHD10",0,1.5322535344789,0.654,0.196,0,"5","CHCHD10"
"SIGLEC10",0,3.95443336543128,0.488,0.03,0,"5","SIGLEC10"
"PLAUR1",0,2.08190251111811,0.543,0.093,0,"5","PLAUR"
"DRAP1",0,1.39401220670746,0.889,0.439,0,"5","DRAP1"
"HLA-DPB12",0,0.404585059509587,0.938,0.491,0,"5","HLA-DPB1"
"AP1S21",0,0.771394776230214,0.716,0.271,0,"5","AP1S2"
"TESC",0,3.08995260324674,0.494,0.053,0,"5","TESC"
"CTSL",0,3.79623014050302,0.469,0.028,0,"5","CTSL"
"BLVRA1",0,1.42459579189435,0.599,0.159,0,"5","BLVRA"
"RAC11",0,0.838777601261486,0.852,0.413,0,"5","RAC1"
"PGLS1",0,1.36095147481405,0.71,0.271,0,"5","PGLS"
"TSPO1",0,0.782505719964467,0.889,0.451,0,"5","TSPO"
"HLA-DRA2",0,0.369029167839634,0.969,0.534,0,"5","HLA-DRA"
"RNH11",0,1.43630498116893,0.716,0.281,0,"5","RNH1"
"LYST",0,2.09973844507064,0.531,0.098,0,"5","LYST"
"OAS11",0,1.60662684933342,0.599,0.168,0,"5","OAS1"
"NCF21",0,1.38809985996596,0.58,0.15,0,"5","NCF2"
"SAT11",0,2.27572858006114,0.994,0.565,0,"5","SAT1"
"RGS191",0,1.25988235282672,0.673,0.244,0,"5","RGS19"
"MAPKAPK3",0,2.24720520388679,0.519,0.093,0,"5","MAPKAPK3"
"H3F3A1",0,0.998525038839416,0.784,0.359,0,"5","H3F3A"
"UNC119",0,2.32184734445669,0.5,0.076,0,"5","UNC119"
"GNG51",0,1.17797230896786,0.691,0.267,0,"5","GNG5"
"SOD21",0,1.82806362063095,0.599,0.177,0,"5","SOD2"
"CPPED11",0,2.66492272258915,0.5,0.078,0,"5","CPPED1"
"RHOB1",0,1.98379569939741,0.525,0.104,0,"5","RHOB"
"OAZ21",0,1.8581513676255,0.556,0.137,0,"5","OAZ2"
"TPI11",0,1.14814707476263,0.901,0.483,0,"5","TPI1"
"ATG31",0,1.46736275968308,0.605,0.187,0,"5","ATG3"
"CTSB1",0,1.2291209611212,0.593,0.175,0,"5","CTSB"
"RNF1301",0,1.33620786659514,0.568,0.155,0,"5","RNF130"
"TNFSF13B1",0,1.27257803582821,0.549,0.137,0,"5","TNFSF13B"
"ITGB22",0,0.963072917715117,0.858,0.446,0,"5","ITGB2"
"RNASET2",0,1.1873834641733,0.883,0.475,0,"5","RNASET2"
"ADA",0,2.30514951393749,0.494,0.088,0,"5","ADA"
"POU2F22",0,1.99934906199697,0.537,0.135,0,"5","POU2F2"
"PSMB31",0,0.979957364554378,0.759,0.358,0,"5","PSMB3"
"IFI61",0,0.636487639363388,0.778,0.379,0,"5","IFI6"
"H2AFZ",0,0.801005448447454,0.79,0.391,0,"5","H2AFZ"
"MSN1",0,1.0185085096232,0.66,0.261,0,"5","MSN"
"SPN",0,1.72118312329254,0.519,0.121,0,"5","SPN"
"STX111",0,1.62539746837554,0.506,0.109,0,"5","STX11"
"TBXAS11",0,2.27730550738393,0.488,0.092,0,"5","TBXAS1"
"COTL11",0,2.41294569614276,1,0.605,0,"5","COTL1"
"SRGN1",0,1.23004056278974,0.969,0.575,0,"5","SRGN"
"ATP1B3",0,1.84225517348222,0.531,0.141,0,"5","ATP1B3"
"PTP4A2",0,1.17825800075779,0.599,0.213,0,"5","PTP4A2"
"POLD41",0,0.999408475178871,0.71,0.325,0,"5","POLD4"
"FAM110A",0,3.21350768392918,0.438,0.054,0,"5","FAM110A"
"MPEG11",0,1.98326206363396,0.469,0.085,0,"5","MPEG1"
"ZNF7061",0,1.10602726144792,0.673,0.29,0,"5","ZNF706"
"SH3BGRL1",0,1.31146945043082,0.802,0.42,0,"5","SH3BGRL"
"FCGR2A1",0,2.00909834541017,0.444,0.062,0,"5","FCGR2A"
"VMP1",0,1.99102814251752,0.494,0.112,0,"5","VMP1"
"CALM21",0,1.29826956478891,0.895,0.518,0,"5","CALM2"
"SUPT4H11",0,1.05930850830833,0.642,0.266,0,"5","SUPT4H1"
"LGALS91",0,1.67300333032379,0.525,0.152,0,"5","LGALS9"
"MS4A4A",0,5.15986571264743,0.383,0.011,0,"5","MS4A4A"
"SLC11A11",0,2.28266711015325,0.438,0.067,0,"5","SLC11A1"
"CAMK1",0,3.2297394494953,0.407,0.038,0,"5","CAMK1"
"LYL1",0,1.78096717077963,0.463,0.094,0,"5","LYL1"
"GSTO11",0,0.948993376153772,0.636,0.27,0,"5","GSTO1"
"CXCL16",0,3.6746567882705,0.395,0.029,0,"5","CXCL16"
"CKB",0,5.88121184935212,0.37,0.005,0,"5","CKB"
"TUBA1B",0,1.20534687354623,0.772,0.41,0,"5","TUBA1B"
"TCIRG1",0,2.09552157724443,0.438,0.076,0,"5","TCIRG1"
"LAMTOR41",0,0.941344163762573,0.858,0.498,0,"5","LAMTOR4"
"IFNGR21",0,1.3375392292333,0.494,0.135,0,"5","IFNGR2"
"MYO1G",0,1.51505443287764,0.568,0.213,0,"5","MYO1G"
"ADRBK1",0,2.12335328605888,0.432,0.077,0,"5","ADRBK1"
"CYBB1",0,1.84357924470356,0.438,0.086,0,"5","CYBB"
"KLF41",0,1.73216653160134,0.451,0.099,0,"5","KLF4"
"NFKBIZ",0,1.80090674573725,0.469,0.118,0,"5","NFKBIZ"
"NEAT11",0,1.40799074667601,0.969,0.618,0,"5","NEAT1"
"CAPZA21",0,0.931841542057916,0.537,0.189,0,"5","CAPZA2"
"AP2A1",0,2.50443849437034,0.395,0.048,0,"5","AP2A1"
"RAB8A",0,1.12817609444388,0.543,0.197,0,"5","RAB8A"
"RHOA1",0,0.808300015766298,0.889,0.546,0,"5","RHOA"
"ATP6V0D11",0,1.38550768418819,0.494,0.152,0,"5","ATP6V0D1"
"TPPP3",0,3.82836958953939,0.364,0.023,0,"5","TPPP3"
"COX171",0,1.13860479179149,0.512,0.172,0,"5","COX17"
"ZFAND51",0,1.49027434751592,0.494,0.154,0,"5","ZFAND5"
"RNF149",0,1.42541753019525,0.463,0.124,0,"5","RNF149"
"LSP11",0,0.921911246884425,0.864,0.525,0,"5","LSP1"
"SERP11",0,0.772790202753151,0.87,0.533,0,"5","SERP1"
"DOK22",0,0.939088994713869,0.556,0.221,0,"5","DOK2"
"CUX1",0,2.75904952839934,0.377,0.045,0,"5","CUX1"
"SNX21",0,0.796437615384699,0.525,0.194,0,"5","SNX2"
"CD300LF",0,2.78184237878983,0.37,0.04,0,"5","CD300LF"
"SYNGR2",0,1.49604573559069,0.444,0.116,0,"5","SYNGR2"
"EFHD21",0,1.34835555283376,0.5,0.174,0,"5","EFHD2"
"UNC93B1",0,2.00610207374205,0.389,0.065,0,"5","UNC93B1"
"POLE41",0,1.33298536526823,0.494,0.171,0,"5","POLE4"
"GNAI21",0,0.898481035496631,0.531,0.21,0,"5","GNAI2"
"EIF4E21",0,1.92557341470942,0.457,0.137,0,"5","EIF4E2"
"MYD88",0,1.46650675671492,0.432,0.112,0,"5","MYD88"
"GPBAR1",0,2.67044500538445,0.364,0.046,0,"5","GPBAR1"
"NAP1L1",0,0.910891318636165,0.877,0.559,0,"5","NAP1L1"
"NAMPT",0,2.14997694257498,0.389,0.072,0,"5","NAMPT"
"C20orf271",0,1.481065558389,0.426,0.109,0,"5","C20orf27"
"THEMIS21",0,1.79238889346099,0.414,0.097,0,"5","THEMIS2"
"RNF13",0,1.71697546743528,0.401,0.088,0,"5","RNF13"
"RAB10",0,1.22278001261842,0.444,0.132,0,"5","RAB10"
"IFITM2",0,2.26233650054716,1,0.69,0,"5","IFITM2"
"AGTRAP1",0,1.21969513549791,0.444,0.134,0,"5","AGTRAP"
"SLC16A3",0,2.35946908397684,0.364,0.054,0,"5","SLC16A3"
"SMCO41",0,1.7004563436605,0.395,0.086,0,"5","SMCO4"
"LY6E1",0,1.31369955552045,0.957,0.649,0,"5","LY6E"
"PTP4A3",0,3.23132606759773,0.333,0.028,0,"5","PTP4A3"
"PCGF5",0,1.47695709055235,0.407,0.102,0,"5","PCGF5"
"CPVL1",0,1.30743404893832,0.401,0.097,0,"5","CPVL"
"UQCRC11",0,0.983304852705998,0.469,0.165,0,"5","UQCRC1"
"SELPLG",0,1.05814746908317,0.463,0.16,0,"5","SELPLG"
"DUSP6",0,1.89514651960004,0.377,0.075,0,"5","DUSP6"
"MAP2K3",0,1.13729237252584,0.426,0.124,0,"5","MAP2K3"
"NANS",0,1.37788239619532,0.395,0.098,0,"5","NANS"
"CD300E",0,2.43444096322525,0.34,0.044,0,"5","CD300E"
"MARCKSL1",0,1.07337716163943,0.457,0.166,0,"5","MARCKSL1"
"FAM49A",0,2.79303255452792,0.321,0.033,0,"5","FAM49A"
"CTSZ1",0,1.96181617050117,0.383,0.095,0,"5","CTSZ"
"INSIG1",0,2.32632482410827,0.34,0.053,0,"5","INSIG1"
"NAPRT11",0,1.32140119976737,0.395,0.108,0,"5","NAPRT1"
"MNDA1",0,1.45567280925119,0.395,0.109,0,"5","MNDA"
"BATF3",0,4.81264238404419,0.296,0.01,0,"5","BATF3"
"CD300A",0,1.3542687548312,0.395,0.11,0,"5","CD300A"
"ITGAL",0,1.45919754046544,0.37,0.085,0,"5","ITGAL"
"C4orf481",0,1.22092052551211,0.426,0.142,0,"5","C4orf48"
"ZYX1",0,1.04524589927985,0.414,0.133,0,"5","ZYX"
"BTK",0,1.71755538503707,0.346,0.065,0,"5","BTK"
"CMTM6",0,1.11075198987423,0.432,0.154,0,"5","CMTM6"
"LSM6",0,1.74327257444596,0.426,0.148,0,"5","LSM6"
"CAPNS11",0,1.21797631656315,0.389,0.113,0,"5","CAPNS1"
"PRAM1",0,1.99757506898707,0.327,0.053,0,"5","PRAM1"
"SH3BP1",0,2.08067164687841,0.364,0.091,0,"5","SH3BP1"
"RAB24",0,1.68848329330736,0.352,0.079,0,"5","RAB24"
"MTSS1",0,2.03286768942064,0.34,0.068,0,"5","MTSS1"
"IGSF61",0,1.4992059408331,0.364,0.092,0,"5","IGSF6"
"UBE2F",0,1.00716616157046,0.389,0.118,0,"5","UBE2F"
"EMP31",0,0.943235300843784,0.988,0.718,0,"5","EMP3"
"CTD-2006K23.1",0,4.37336438156822,0.284,0.015,0,"5","CTD-2006K23.1"
"TGFBI1",0,1.47469484259293,0.358,0.091,0,"5","TGFBI"
"ACAA1",0,1.8324865495939,0.389,0.123,0,"5","ACAA1"
"GRINA",0,1.60042681113925,0.352,0.086,0,"5","GRINA"
"NAGK1",0,1.27545447708509,0.37,0.108,0,"5","NAGK"
"CD86",0,2.74512483240947,0.302,0.04,0,"5","CD86"
"RXRA",0,3.08960645434876,0.302,0.04,0,"5","RXRA"
"CLEC7A",0,2.29362137082935,0.315,0.053,0,"5","CLEC7A"
"TCF7L2",0,3.67687253495575,0.278,0.017,0,"5","TCF7L2"
"SLC2A6",0,2.81206233525719,0.29,0.031,0,"5","SLC2A6"
"ODF3B1",0,1.13583317059018,0.364,0.106,0,"5","ODF3B"
"ARPC1B1",0,0.941812216555717,0.988,0.732,0,"5","ARPC1B"
"SCIMP",0,2.0862036267233,0.321,0.066,0,"5","SCIMP"
"EMR2",0,3.33412673925399,0.278,0.023,0,"5","EMR2"
"NUDT16",0,1.75118704238487,0.315,0.062,0,"5","NUDT16"
"CAT",0,1.17488966391525,0.377,0.125,0,"5","CAT"
"COMMD9",0,1.30248428429775,0.358,0.106,0,"5","COMMD9"
"CD300C",0,2.62950028054351,0.284,0.032,0,"5","CD300C"
"ARHGEF40",0,2.52271973729829,0.29,0.04,0,"5","ARHGEF40"
"ALDOA1",0,0.778045196553048,0.938,0.692,0,"5","ALDOA"
"CNIH4",0,2.7772003194474,0.309,0.066,0,"5","CNIH4"
"EIF4EBP11",0,1.49068784050005,0.352,0.109,0,"5","EIF4EBP1"
"CBR1",0,1.12800763915894,0.346,0.105,0,"5","CBR1"
"SEC14L1",0,2.17126533274537,0.278,0.04,0,"5","SEC14L1"
"IMPDH1",0,1.64931948934602,0.309,0.071,0,"5","IMPDH1"
"RELT",0,2.99861268095221,0.272,0.036,0,"5","RELT"
"ANXA4",0,1.60033154581846,0.321,0.086,0,"5","ANXA4"
"GMFG1",0,0.69326921962844,0.92,0.685,0,"5","GMFG"
"PAK1",0,2.127456572085,0.272,0.039,0,"5","PAK1"
"SNAP29",0,1.51105236116542,0.302,0.07,0,"5","SNAP29"
"ATOX11",0,1.21390725595447,0.333,0.103,0,"5","ATOX1"
"DPEP2",0,1.64115197451291,0.302,0.072,0,"5","DPEP2"
"AGPAT2",0,1.91090264542843,0.29,0.062,0,"5","AGPAT2"
"LILRB4",0,2.26445454032093,0.265,0.038,0,"5","LILRB4"
"MPP1",0,1.99758460121802,0.278,0.052,0,"5","MPP1"
"FPR11",0,1.46940290520919,0.321,0.095,0,"5","FPR1"
"RIN3",0,1.26237692711363,0.309,0.084,0,"5","RIN3"
"RAB321",0,1.13904268838347,0.296,0.072,0,"5","RAB32"
"ARRB1",0,2.65538737007868,0.253,0.03,0,"5","ARRB1"
"RNPEP",0,1.64383089427602,0.302,0.079,0,"5","RNPEP"
"LILRA2",0,2.33175050740385,0.253,0.031,0,"5","LILRA2"
"CX3CR1",0,1.57931525973209,0.284,0.063,0,"5","CX3CR1"
"S100A61",0,1.29446179515227,0.988,0.769,0,"5","S100A6"
"FAM45A",0,1.56861126843743,0.29,0.071,0,"5","FAM45A"
"NAGA",0,2.41438934682193,0.253,0.035,0,"5","NAGA"
"ALOX5",0,1.40716402810242,0.29,0.072,0,"5","ALOX5"
"HOTAIRM1",0,2.03749458349568,0.265,0.049,0,"5","HOTAIRM1"
"UTRN",0,1.9127837744735,0.29,0.074,0,"5","UTRN"
"IFIT1",0,1.00266429890765,0.284,0.068,0,"5","IFIT1"
"RNF135",0,1.89480557869833,0.253,0.04,0,"5","RNF135"
"RABGAP1L",0,1.49106504039704,0.296,0.083,0,"5","RABGAP1L"
"FAM46A",0,1.93215042042255,0.265,0.053,0,"5","FAM46A"
"OSCAR",0,2.9030283127154,0.253,0.042,0,"5","OSCAR"
"RALB",0,1.33766499575038,0.278,0.074,0,"5","RALB"
"ARPC21",0,0.990168010907254,0.994,0.79,0,"5","ARPC2"
"S100A41",0,1.52131228685709,1,0.8,0,"5","S100A4"
"G0S2",0,1.97635266954705,0.253,0.057,0,"5","G0S2"
"C11orf21",0,1.68794156940306,0.253,0.058,0,"5","C11orf21"
"ARPC32",0,1.26891675920358,1,0.805,0,"5","ARPC3"
"CD83",0,1.37749747384772,0.253,0.064,0,"5","CD83"
"YBX11",0,1.12683523978233,0.994,0.806,0,"5","YBX1"
"MYL61",0,0.996037871912643,1,0.843,0,"5","MYL6"
"CYBA1",0,0.967170498003054,0.994,0.838,0,"5","CYBA"
"SERF21",0,0.502998171047809,0.988,0.848,0,"5","SERF2"
"SH3BGRL32",0,0.623373231256247,0.988,0.85,0,"5","SH3BGRL3"
"OAZ11",0,1.4040064734584,1,0.906,0,"5","OAZ1"
"CFL11",0,0.474565123258671,0.994,0.911,0,"5","CFL1"
"PFN12",0,0.841984392970874,0.994,0.942,0,"5","PFN1"
"NACA",0,0.633189447382191,1,0.971,0,"5","NACA"
"FTH11",0,2.13412296476338,1,0.989,0,"5","FTH1"
"FTL1",0,2.05250728262277,1,0.989,0,"5","FTL"
"RPS192",0,0.468225327864259,1,0.993,0,"5","RPS19"
"MT-CO11",0,0.521574183410863,0.988,0.995,0,"5","MT-CO1"
"ACTB1",0,1.02162255379006,0.994,0.993,0,"5","ACTB"
"TMSB4X1",0,0.664556980564031,1,1,0,"5","TMSB4X"
"LRRFIP11",2.22044604925031e-16,0.804986092737242,0.704,0.335,3.04511971194188e-12,"5","LRRFIP1"
"SEC11A1",2.22044604925031e-16,0.865009146844461,0.673,0.308,3.04511971194188e-12,"5","SEC11A"
"LINC009361",2.22044604925031e-16,0.845412414985043,0.599,0.259,3.04511971194188e-12,"5","LINC00936"
"CD55",2.22044604925031e-16,1.38249935186983,0.481,0.188,3.04511971194188e-12,"5","CD55"
"PLEK1",2.22044604925031e-16,0.759392738291661,0.444,0.152,3.04511971194188e-12,"5","PLEK"
"CCT5",2.22044604925031e-16,1.08799201914214,0.457,0.168,3.04511971194188e-12,"5","CCT5"
"WSB1",2.22044604925031e-16,1.12620630583526,0.444,0.165,3.04511971194188e-12,"5","WSB1"
"CHMP4B1",2.22044604925031e-16,1.1351594379776,0.438,0.16,3.04511971194188e-12,"5","CHMP4B"
"IFIT3",2.22044604925031e-16,1.1508535484201,0.315,0.095,3.04511971194188e-12,"5","IFIT3"
"CAP11",4.44089209850063e-16,0.778976383992017,0.753,0.392,6.09023942388376e-12,"5","CAP1"
"PGK1",4.44089209850063e-16,1.07626202447386,0.784,0.456,6.09023942388376e-12,"5","PGK1"
"PSME21",4.44089209850063e-16,0.823397080581063,0.846,0.535,6.09023942388376e-12,"5","PSME2"
"EPSTI11",4.44089209850063e-16,1.38948375785604,0.457,0.164,6.09023942388376e-12,"5","EPSTI1"
"MMP24-AS1",6.66133814775094e-16,1.11873312880426,0.34,0.107,9.13535913582564e-12,"5","MMP24-AS1"
"SNX10",6.66133814775094e-16,1.18700636757294,0.29,0.084,9.13535913582564e-12,"5","SNX10"
"GLRX1",8.88178419700125e-16,0.806166265242872,0.71,0.354,1.21804788477675e-11,"5","GLRX"
"COX5B1",8.88178419700125e-16,0.919162975365575,0.833,0.482,1.21804788477675e-11,"5","COX5B"
"PPP1CA",1.11022302462516e-15,0.948070527988123,0.833,0.499,1.52255985597094e-11,"5","PPP1CA"
"ARPC5",1.33226762955019e-15,0.950168869831431,0.846,0.507,1.82707182716513e-11,"5","ARPC5"
"SMS1",1.33226762955019e-15,0.941998071290918,0.42,0.151,1.82707182716513e-11,"5","SMS"
"SNX5",1.55431223447522e-15,1.85810325691659,0.309,0.093,2.13158379835932e-11,"5","SNX5"
"NCKAP1L",1.55431223447522e-15,1.21896040404876,0.309,0.094,2.13158379835932e-11,"5","NCKAP1L"
"COX8A1",2.22044604925031e-15,0.903670748956734,0.741,0.364,3.04511971194188e-11,"5","COX8A"
"LTA4H1",2.44249065417534e-15,1.01299568664978,0.414,0.147,3.34963168313607e-11,"5","LTA4H"
"DYNLT11",2.66453525910038e-15,0.743499772395341,0.463,0.174,3.65414365433026e-11,"5","DYNLT1"
"MOB1A",2.66453525910038e-15,1.06037089716014,0.457,0.179,3.65414365433026e-11,"5","MOB1A"
"FLNA1",2.88657986402541e-15,0.622138354954142,0.5,0.194,3.95865562552444e-11,"5","FLNA"
"H2AFY1",3.10862446895044e-15,1.0581914017993,0.617,0.277,4.26316759671863e-11,"5","H2AFY"
"GRN1",3.10862446895044e-15,0.460429432247824,0.556,0.222,4.26316759671863e-11,"5","GRN"
"IRF7",3.33066907387547e-15,0.827087596695122,0.414,0.148,4.56767956791282e-11,"5","IRF7"
"SCPEP11",3.33066907387547e-15,0.995697421029709,0.358,0.122,4.56767956791282e-11,"5","SCPEP1"
"CAPZB",3.77475828372553e-15,0.626385626598379,0.846,0.541,5.1767035103012e-11,"5","CAPZB"
"PLEKHO1",3.99680288865056e-15,1.34553174736923,0.253,0.07,5.48121548149538e-11,"5","PLEKHO1"
"GLUL1",4.21884749357559e-15,1.13804366287359,0.333,0.108,5.78572745268957e-11,"5","GLUL"
"VMA21",4.21884749357559e-15,1.30794607580407,0.265,0.075,5.78572745268957e-11,"5","VMA21"
"MYO1F2",4.44089209850063e-15,0.916250072231411,0.525,0.218,6.09023942388376e-11,"5","MYO1F"
"SLC25A51",5.77315972805081e-15,0.750557239918288,0.815,0.489,7.91731125104889e-11,"5","SLC25A5"
"TSPAN14",5.77315972805081e-15,1.18229793751971,0.315,0.098,7.91731125104889e-11,"5","TSPAN14"
"ENY21",5.99520433297585e-15,0.968456250538071,0.457,0.179,8.22182322224307e-11,"5","ENY2"
"PSMB91",6.21724893790088e-15,0.758126804094911,0.889,0.566,8.52633519343726e-11,"5","PSMB9"
"ARRDC1",6.21724893790088e-15,1.01180035705102,0.302,0.092,8.52633519343726e-11,"5","ARRDC1"
"UBE2L62",6.66133814775094e-15,0.616149329830187,0.691,0.324,9.13535913582564e-11,"5","UBE2L6"
"GNB21",7.54951656745106e-15,0.874435973005023,0.568,0.247,1.03534070206024e-10,"5","GNB2"
"IFI351",7.7715611723761e-15,0.639696145626213,0.444,0.164,1.06579189917966e-10,"5","IFI35"
"RNF1811",9.76996261670138e-15,0.944488096015062,0.5,0.2,1.33985267325443e-10,"5","RNF181"
"NUP2141",9.76996261670138e-15,0.94582032967369,0.37,0.13,1.33985267325443e-10,"5","NUP214"
"BAX1",1.06581410364015e-14,1.03956355603699,0.648,0.284,1.4616574617321e-10,"5","BAX"
"MPC1",1.13242748511766e-14,1.13006819646541,0.389,0.141,1.55301105309036e-10,"5","MPC1"
"VAMP51",1.19904086659517e-14,0.93159707738746,0.494,0.208,1.64436464444861e-10,"5","VAMP5"
"S100A102",1.37667655053519e-14,0.619573932464576,0.932,0.623,1.88797422140397e-10,"5","S100A10"
"TUBA1A",1.55431223447522e-14,0.879470863495842,0.772,0.442,2.13158379835932e-10,"5","TUBA1A"
"TMEM179B",1.59872115546023e-14,1.03734069283899,0.401,0.146,2.19248619259815e-10,"5","TMEM179B"
"NUDT3",2.19824158875781e-14,1.27321601864451,0.253,0.072,3.01466851482246e-10,"5","NUDT3"
"TALDO11",2.70894418008538e-14,0.303452590086069,0.722,0.347,3.71504604856909e-10,"5","TALDO1"
"HIGD2A1",3.66373598126302e-14,0.898583475962722,0.833,0.473,5.0244475247041e-10,"5","HIGD2A"
"APLP21",4.35207425653061e-14,0.900755808261728,0.407,0.151,5.96843463540608e-10,"5","APLP2"
"VPS29",5.46229728115577e-14,1.18202347029906,0.451,0.181,7.49099449137702e-10,"5","VPS29"
"TPM3",5.57331958361829e-14,1.05815296647336,0.796,0.454,7.64325047697412e-10,"5","TPM3"
"LYSMD2",6.19504447740837e-14,1.10594029977659,0.463,0.181,8.49588399631784e-10,"5","LYSMD2"
"ARHGDIB",6.55031584528842e-14,0.47235493928269,0.994,0.91,8.98310315022854e-10,"5","ARHGDIB"
"SDCBP1",6.68354260824344e-14,0.930943562934535,0.519,0.226,9.16581033294506e-10,"5","SDCBP"
"CTSH1",7.52731210695856e-14,0.817132790773593,0.426,0.161,1.0322955823483e-09,"5","CTSH"
"ATP5B1",8.01581023779363e-14,0.781728256995655,0.735,0.385,1.09928821601102e-09,"5","ATP5B"
"TCEB21",8.79296635503124e-14,0.746750887888488,0.778,0.469,1.20586740592898e-09,"5","TCEB2"
"COX6B11",1.01252339845814e-13,0.798432241449368,0.87,0.557,1.3885745886455e-09,"5","COX6B1"
"GBP2",1.07913677993565e-13,0.911361583349931,0.451,0.18,1.47992818000375e-09,"5","GBP2"
"GDI2",1.20570220474292e-13,0.869228342919476,0.605,0.285,1.65350000358444e-09,"5","GDI2"
"CSK",1.67421632113474e-13,0.887005407264069,0.488,0.202,2.29602026280418e-09,"5","CSK"
"CDKN2D",1.88071780371502e-13,0.649220398611734,0.488,0.204,2.57921639601477e-09,"5","CDKN2D"
"CLIC12",2.1271873151818e-13,0.569691519816925,0.914,0.628,2.91722468404032e-09,"5","CLIC1"
"REEP51",2.20712337295481e-13,1.25220099277981,0.543,0.244,3.02684899367023e-09,"5","REEP5"
"NOP101",2.35811370430383e-13,1.12243399096696,0.562,0.278,3.23391713408228e-09,"5","NOP10"
"M6PR",2.4980018054066e-13,1.12510931374302,0.475,0.206,3.42575967593461e-09,"5","M6PR"
"CECR11",3.1596947280832e-13,0.940718562281174,0.296,0.096,4.33320535009329e-09,"5","CECR1"
"SNAP23",3.19744231092045e-13,0.934051496365131,0.358,0.129,4.38497238519631e-09,"5","SNAP23"
"CYTIP1",3.8657965717448e-13,0.613024909670036,0.66,0.321,5.30155341849081e-09,"5","CYTIP"
"POMP",5.00932628710871e-13,0.87936683854041,0.383,0.142,6.86979007014088e-09,"5","POMP"
"SNX32",6.43929354282591e-13,0.513273913215074,0.809,0.444,8.83084716463145e-09,"5","SNX3"
"EIF4A11",6.60804744256893e-13,0.467395748190232,0.932,0.669,9.06227626273903e-09,"5","EIF4A1"
"SCO21",7.32081062437828e-13,1.07858705444554,0.333,0.12,1.00397596902724e-08,"5","SCO2"
"AKIRIN2",1.26010313294955e-12,0.796964039998834,0.333,0.116,1.72810543652702e-08,"5","AKIRIN2"
"SRA1",1.32582833600736e-12,0.663770410580564,0.284,0.093,1.8182409800005e-08,"5","SRA1"
"GNAI3",1.60871316268185e-12,0.955981562671012,0.352,0.13,2.20618923130189e-08,"5","GNAI3"
"ATP2B1",1.95177207729103e-12,1.14444424558827,0.272,0.089,2.67666022679691e-08,"5","ATP2B1"
"CTSD1",2.03348449190344e-12,0.649020025742461,0.519,0.224,2.78872063219637e-08,"5","CTSD"
"PTPN18",2.09321449062827e-12,0.957626397302953,0.346,0.129,2.87063435244761e-08,"5","PTPN18"
"NDUFA131",2.43560727142267e-12,0.823722405308259,0.741,0.443,3.34019181202905e-08,"5","NDUFA13"
"KLF3",2.57593946173529e-12,1.0926096933725,0.284,0.096,3.53264337782377e-08,"5","KLF3"
"TREX1",2.74202882621921e-12,0.777956728012799,0.315,0.11,3.76041833227703e-08,"5","TREX1"
"PRDX51",3.22786242179518e-12,0.586910457068368,0.679,0.333,4.42669052524991e-08,"5","PRDX5"
"ACTR2",3.29514193708746e-12,0.685260880349515,0.438,0.177,4.51895765252175e-08,"5","ACTR2"
"CD971",4.09783318389145e-12,0.937569129494961,0.481,0.209,5.61976842838874e-08,"5","CD97"
"SH3GLB1",4.37316849399849e-12,0.780975322614979,0.346,0.128,5.99736327266953e-08,"5","SH3GLB1"
"GLIPR11",5.77382586186559e-12,0.76513092374427,0.457,0.191,7.91822478696247e-08,"5","GLIPR1"
"PSMA4",6.84385881299931e-12,0.899632369311391,0.346,0.129,9.38566797614726e-08,"5","PSMA4"
"GNB1",7.31770199990933e-12,1.01625968201775,0.302,0.107,1.00354965226757e-07,"5","GNB1"
"LAPTM4A",8.43480840728716e-12,0.932849713806901,0.463,0.209,1.15674962497536e-07,"5","LAPTM4A"
"PARVG1",8.48099368511157e-12,0.846432653599659,0.364,0.139,1.1630834739762e-07,"5","PARVG"
"LAMTOR51",1.04387609667356e-11,0.611884724032798,0.562,0.261,1.43157167897812e-07,"5","LAMTOR5"
"TGFB11",1.06605835270557e-11,0.6953742816988,0.438,0.185,1.46199242490042e-07,"5","TGFB1"
"GNG2",1.30797594977139e-11,0.807533315672512,0.315,0.112,1.79375821751648e-07,"5","GNG2"
"DBNL",1.44306788740778e-11,0.677970803222561,0.512,0.225,1.97902330079103e-07,"5","DBNL"
"LAMTOR21",1.54749546510402e-11,0.674271095344094,0.475,0.208,2.12223528084365e-07,"5","LAMTOR2"
"TNFRSF1A",1.5744960890629e-11,1.03325537173169,0.253,0.082,2.15926393654087e-07,"5","TNFRSF1A"
"PKN1",1.64304125860326e-11,1.06806600773177,0.302,0.11,2.25326678204851e-07,"5","PKN1"
"PFKL",1.85129689356245e-11,0.915561812242856,0.278,0.095,2.53886855983154e-07,"5","PFKL"
"ARPC1A",1.86524129475174e-11,1.11696187112472,0.315,0.111,2.55799191162254e-07,"5","ARPC1A"
"POLR3K",3.15669712591671e-11,0.924577324428243,0.278,0.098,4.32909443848217e-07,"5","POLR3K"
"SLC25A61",3.40791839192889e-11,0.426382350934625,0.963,0.824,4.67361928269128e-07,"5","SLC25A6"
"EVI2B1",3.5017766464307e-11,0.602489856929679,0.623,0.308,4.80233649291506e-07,"5","EVI2B"
"MLX",3.93129973019768e-11,1.18704772441734,0.296,0.107,5.3913844499931e-07,"5","MLX"
"WAS",4.19744239366082e-11,0.682116619299921,0.469,0.205,5.75637249866645e-07,"5","WAS"
"C20orf241",4.3796744009228e-11,0.569516016378613,0.611,0.29,6.00628547342552e-07,"5","C20orf24"
"UBE2J1",4.91116036727135e-11,0.929770678312481,0.284,0.103,6.73516532767593e-07,"5","UBE2J1"
"CEBPD1",5.40762989942323e-11,0.374390264642134,0.481,0.208,7.41602364406901e-07,"5","CEBPD"
"BRK11",5.55104850974431e-11,0.653893086438952,0.833,0.535,7.61270792626334e-07,"5","BRK1"
"SPG211",5.83306736245959e-11,0.877863347910437,0.389,0.162,7.99946858087708e-07,"5","SPG21"
"MTHFS",6.14659434461373e-11,0.777160402630512,0.309,0.113,8.42943948420327e-07,"5","MTHFS"
"ATP5J21",6.91131596397554e-11,0.645065225980753,0.623,0.305,9.47817871299605e-07,"5","ATP5J2"
"RTN41",7.02558011766996e-11,1.41694608642064,0.481,0.227,9.63488057337258e-07,"5","RTN4"
"CSNK2B1",7.14284187353087e-11,0.405408102530976,0.667,0.321,9.79569334536023e-07,"5","CSNK2B"
"SHKBP1",7.7771789008807e-11,0.864115960108976,0.37,0.153,1.06656231446678e-06,"5","SHKBP1"
"RTN3",7.99822430508357e-11,0.838345482572501,0.309,0.115,1.09687648119916e-06,"5","RTN3"
"ARL6IP41",8.93223273124022e-11,0.543671333296575,0.815,0.481,1.22496639676228e-06,"5","ARL6IP4"
"ETFA",9.47084632940687e-11,0.793012950861869,0.321,0.121,1.29883186561486e-06,"5","ETFA"
"DEDD2",1.10194076086145e-10,0.989123199229735,0.296,0.111,1.5112015594454e-06,"5","DEDD2"
"PPT11",1.28369981311494e-10,1.05332970315549,0.414,0.179,1.76046592370582e-06,"5","PPT1"
"CNPY31",1.32174271527674e-10,0.507411224636298,0.549,0.261,1.81263795973052e-06,"5","CNPY3"
"COX5A1",1.33146382808036e-10,0.513128592022237,0.636,0.337,1.8259694938294e-06,"5","COX5A"
"FMNL1",1.40752298705138e-10,0.619502295707031,0.463,0.206,1.93027702444226e-06,"5","FMNL1"
"MRPL27",1.45699896592077e-10,1.02671556769831,0.259,0.091,1.99812838186375e-06,"5","MRPL27"
"CD48",1.46806344858419e-10,0.365768122282941,0.944,0.683,2.01330221338836e-06,"5","CD48"
"IL10RB",1.66861191530643e-10,0.869223630309618,0.272,0.097,2.28833438065124e-06,"5","IL10RB"
"RILPL21",1.73033143369139e-10,0.494180772166452,0.42,0.176,2.37297652816437e-06,"5","RILPL2"
"TXNDC17",1.7676304864267e-10,0.719080084393682,0.278,0.1,2.42412844908557e-06,"5","TXNDC17"
"RAP1B1",1.90042426240211e-10,0.594325531666738,0.648,0.345,2.60624183345826e-06,"5","RAP1B"
"WDR1",1.93935756342967e-10,0.850719505331514,0.519,0.246,2.65963496248744e-06,"5","WDR1"
"IDH2",2.0019141899752e-10,1.51105918500557,0.395,0.17,2.74542512013198e-06,"5","IDH2"
"C7orf73",2.15378381795972e-10,0.733376188364737,0.395,0.168,2.95369912794996e-06,"5","C7orf73"
"ATP1A11",2.1843371555974e-10,1.07797930023406,0.414,0.178,2.99559997518628e-06,"5","ATP1A1"
"PPDPF",2.33341790334407e-10,0.471422438947823,0.951,0.8,3.20004931264606e-06,"5","PPDPF"
"VDAC11",2.34100516749436e-10,0.840201734962073,0.438,0.2,3.21045448670176e-06,"5","VDAC1"
"SLIRP",2.36870745240481e-10,0.724619510208561,0.29,0.105,3.24844540022795e-06,"5","SLIRP"
"HCLS1",2.60956367625909e-10,0.738316505192409,0.679,0.368,3.57875562562171e-06,"5","HCLS1"
"CLTA1",3.03889802211188e-10,0.71071120704032,0.562,0.275,4.16754474752423e-06,"5","CLTA"
"ATP6V1F1",3.27500471186681e-10,0.47203595499257,0.679,0.353,4.49134146185415e-06,"5","ATP6V1F"
"PMVK",4.86420903555995e-10,1.26367545518189,0.333,0.133,6.67077627136692e-06,"5","PMVK"
"IDH3G1",5.07067277055739e-10,0.597669917463092,0.426,0.185,6.95392063754241e-06,"5","IDH3G"
"WASF21",5.30102184370662e-10,0.575700267972721,0.426,0.181,7.26982135645926e-06,"5","WASF2"
"MSRB11",5.75342662401113e-10,0.972890973314246,0.265,0.098,7.89024927216886e-06,"5","MSRB1"
"PRDX11",5.98295413212213e-10,1.03734692667598,0.562,0.288,8.20502329679229e-06,"5","PRDX1"
"PSMC3",6.38358033100417e-10,0.638268683757574,0.389,0.161,8.75444206593912e-06,"5","PSMC3"
"C7orf50",6.87424561718331e-10,0.699035292324311,0.364,0.148,9.42734043940519e-06,"5","C7orf50"
"RAB5C1",7.00601576753002e-10,0.868906524475973,0.543,0.265,9.60805002359066e-06,"5","RAB5C"
"TMEM134",7.1106165400181e-10,0.773062467312331,0.302,0.116,9.75149952298082e-06,"5","TMEM134"
"PLSCR11",7.43430650373966e-10,1.01710242130944,0.321,0.129,1.01954079392286e-05,"5","PLSCR1"
"EIF61",8.36225977352001e-10,0.668255426751286,0.457,0.21,1.14680030534053e-05,"5","EIF6"
"GCA1",9.6364760615586e-10,1.63749767356909,0.302,0.12,1.32154632708215e-05,"5","GCA"
"PRR13",1.00717589823773e-09,0.524047925471603,0.759,0.467,1.38124102684323e-05,"5","PRR13"
"CORO1A",1.01563113474867e-09,0.459112550796327,0.981,0.795,1.39283653819433e-05,"5","CORO1A"
"PGAM11",1.15050791116289e-09,0.660129279871659,0.481,0.221,1.57780654936879e-05,"5","PGAM1"
"PLIN2",1.6603738384191e-09,0.815322103168279,0.272,0.101,2.27703668200796e-05,"5","PLIN2"
"ERP44",1.69197389432441e-09,0.741443582587785,0.377,0.163,2.32037299867649e-05,"5","ERP44"
"NMI",1.92131954790398e-09,0.817807646133847,0.37,0.162,2.63489762799551e-05,"5","NMI"
"CTNNBL1",3.11310754952387e-09,0.525077644296835,0.253,0.092,4.26931569341704e-05,"5","CTNNBL1"
"C11orf312",3.19554782635123e-09,0.452461388815011,0.765,0.426,4.38237428905808e-05,"5","C11orf31"
"SERPINB61",3.36403305212229e-09,0.774886054432207,0.401,0.181,4.61343492768052e-05,"5","SERPINB6"
"ZFAND6",3.37646999248875e-09,0.639181805245044,0.358,0.152,4.63049094769907e-05,"5","ZFAND6"
"TNFRSF14",3.7483776083036e-09,0.619653120958221,0.451,0.207,5.14052505202756e-05,"5","TNFRSF14"
"CASP41",3.83245812862754e-09,0.486849002819897,0.574,0.3,5.2558330775998e-05,"5","CASP4"
"NDUFB5",3.91402910082661e-09,1.21366553790449,0.426,0.2,5.36769950887361e-05,"5","NDUFB5"
"SMAP2",4.19357415459842e-09,0.453111865241286,0.352,0.149,5.75106759561628e-05,"5","SMAP2"
"TMEM141",4.23896295842496e-09,0.540552522116832,0.265,0.099,5.81331380118399e-05,"5","TMEM141"
"MTPN",4.33213687145440e-09,0.822668457304294,0.296,0.12,5.94109250551256e-05,"5","MTPN"
"MT-CO21",4.36715130724963e-09,0.558342066204117,0.969,0.907,5.98911130276214e-05,"5","MT-CO2"
"NCOA4",4.43267778038603e-09,0.428813203965509,0.321,0.132,6.0789743080214e-05,"5","NCOA4"
"LSM102",4.71909045174357e-09,0.587942951796464,0.432,0.197,6.47176064552113e-05,"5","LSM10"
"ABRACL1",5.05576824849641e-09,0.773518695235571,0.519,0.267,6.93348057598797e-05,"5","ABRACL"
"ERICH1",5.59711987868639e-09,0.936215907664703,0.272,0.105,7.67589020163051e-05,"5","ERICH1"
"ZNHIT3",5.63238122808229e-09,1.24642583624208,0.364,0.16,7.72424761619206e-05,"5","ZNHIT3"
"CORO1B1",5.94341953430444e-09,0.294288104040814,0.358,0.153,8.15080554934511e-05,"5","CORO1B"
"ATP5C1",6.17004536351828e-09,0.58853745766798,0.574,0.294,8.46160021152897e-05,"5","ATP5C1"
"MIDN",6.354538006903e-09,1.16030163386246,0.253,0.098,8.71461342266677e-05,"5","MIDN"
"FAM32A",6.40304542720571e-09,0.745938170758176,0.309,0.132,8.78113649886991e-05,"5","FAM32A"
"MRPL231",8.08277911268362e-09,0.55133580132835,0.549,0.273,0.000110847232751343,"5","MRPL23"
"CD4",8.08406896979363e-09,0.799616291607574,0.272,0.107,0.00011086492185175,"5","CD4"
"ATP5G31",8.95747920282020e-09,0.694061034407212,0.716,0.414,0.000122842869787476,"5","ATP5G3"
"WDR83OS1",9.07371688896319e-09,0.519456568318065,0.617,0.329,0.000124436953415241,"5","WDR83OS"
"MRPL21",9.0891185688946e-09,0.493432550415793,0.346,0.149,0.000124648172053821,"5","MRPL21"
"PRKCB1",9.71763824964e-09,1.34945913687256,0.309,0.129,0.000133267690955563,"5","PRKCB"
"NR4A1",1.12068103685914e-08,0.881033032683858,0.253,0.098,0.000153690197394862,"5","NR4A1"
"NDUFB3",1.16235603364601e-08,0.61682990571502,0.309,0.129,0.000159405506454213,"5","NDUFB3"
"RER1",1.16340004296944e-08,0.449065192564898,0.444,0.212,0.000159548681892829,"5","RER1"
"EIF11",1.17785183828545e-08,0.282752853492718,1,0.983,0.000161530601102466,"5","EIF1"
"STX101",1.23957268893804e-08,0.671676440269302,0.321,0.135,0.000169994998560963,"5","STX10"
"TIMM8B",1.44428620174608e-08,1.00166987611865,0.259,0.101,0.000198069409707458,"5","TIMM8B"
"SELK",1.47456087340458e-08,0.626946658931403,0.549,0.276,0.000202221278178705,"5","SELK"
"UPP1",1.49370387170222e-08,0.684794351807451,0.321,0.136,0.000204846548965243,"5","UPP1"
"MIR142",1.5651098861369e-08,0.509940628249435,0.358,0.155,0.000214639169784814,"5","MIR142"
"PSMA71",1.74129290986258e-08,0.509665212688243,0.852,0.544,0.000238800909658554,"5","PSMA7"
"STX71",1.75292560467e-08,1.07036689895204,0.284,0.114,0.000240396217424443,"5","STX7"
"SLC25A3",1.84778574663369e-08,0.510728871257977,0.815,0.507,0.000253405337293344,"5","SLC25A3"
"SRI",2.03053909242357e-08,0.685998854149039,0.494,0.253,0.000278468131134968,"5","SRI"
"AOAH",2.21199294436758e-08,0.756078166007084,0.284,0.116,0.00030335271239057,"5","AOAH"
"PSMB4",2.22218496936932e-08,0.557371518748408,0.377,0.168,0.000304750446699309,"5","PSMB4"
"CTSA",2.31609480483286e-08,0.514545565393092,0.327,0.14,0.000317629241534778,"5","CTSA"
"TXN2",2.36655419705301e-08,0.704158485532903,0.34,0.152,0.000324549242583849,"5","TXN2"
"EMC7",2.42477848910738e-08,0.538268175319442,0.37,0.166,0.000332534121996186,"5","EMC7"
"RAB18",2.49540605956611e-08,0.873511515465733,0.278,0.116,0.000342219987008896,"5","RAB18"
"UQCRFS11",2.54169021385309e-08,0.521064401231125,0.543,0.271,0.000348567395927812,"5","UQCRFS1"
"YWHAH1",2.69717514989054e-08,0.732460810723108,0.383,0.185,0.000369890600055989,"5","YWHAH"
"UBE2A",2.78175056322993e-08,0.725961180278667,0.278,0.113,0.000381489272241353,"5","UBE2A"
"SFT2D1",3.02773761617914e-08,0.790483636386428,0.315,0.137,0.000415223936682807,"5","SFT2D1"
"ARHGDIA",3.1024722124684e-08,0.264116172290622,0.549,0.272,0.000425473039217916,"5","ARHGDIA"
"MX2",3.27398703703352e-08,0.74733721017259,0.259,0.104,0.000448994582258777,"5","MX2"
"POLR2F",3.72872503984212e-08,0.518010419497224,0.37,0.164,0.000511357351963948,"5","POLR2F"
"MTIF3",3.88566574471838e-08,0.57022858808623,0.259,0.105,0.000532880200230679,"5","MTIF3"
"COX6A1",3.8875699548413e-08,0.452358606120998,0.747,0.463,0.000533141343606935,"5","COX6A1"
"SSR31",3.94012846793856e-08,0.830558551658609,0.364,0.169,0.000540349218093095,"5","SSR3"
"YWHAE",4.15098200257091e-08,0.868487331553547,0.309,0.132,0.000569265671832575,"5","YWHAE"
"DYNLL11",4.67344147825344e-08,0.409856509543826,0.586,0.324,0.000640915764327676,"5","DYNLL1"
"ARHGAP4",4.87573685870046e-08,0.471265265914224,0.284,0.115,0.000668658552802182,"5","ARHGAP4"
"TMSB101",5.06370996244954e-08,0.251416556698114,1,0.993,0.000694437184250329,"5","TMSB10"
"MRPL18",5.27894821189534e-08,0.997283546310091,0.395,0.182,0.000723954957779327,"5","MRPL18"
"SP1101",5.77399803525225e-08,0.564619044007939,0.537,0.267,0.000791846090554493,"5","SP110"
"ICAM2",6.16717483747919e-08,0.640230403517264,0.457,0.226,0.000845766357211897,"5","ICAM2"
"PPCS",6.56258127840204e-08,0.624625867417219,0.383,0.178,0.000899992396520055,"5","PPCS"
"SYTL1",6.62778836257871e-08,0.751037589665436,0.346,0.158,0.000908934896044045,"5","SYTL1"
"ATP5E1",6.96603428274045e-08,0.410778980382551,0.951,0.739,0.000955321941535026,"5","ATP5E"
"PSMD9",7.76241395605837e-08,0.502791004758697,0.383,0.172,0.00106453744993384,"5","PSMD9"
"LAP31",7.77366950810432e-08,0.746366465808462,0.321,0.145,0.00106608103634143,"5","LAP3"
"CCDC12",7.84423377364618e-08,1.06736883525005,0.469,0.233,0.00107575821971784,"5","CCDC12"
"TANK",7.92513252800831e-08,0.574250160185259,0.265,0.107,0.00108685267489106,"5","TANK"
"SAMHD11",8.31872564166503e-08,0.520343083328085,0.463,0.229,0.00114083003449794,"5","SAMHD1"
"FAM49B",8.93984162253503e-08,0.393780946061503,0.543,0.287,0.00122600988011445,"5","FAM49B"
"ATP5EP21",1.16606637678984e-07,0.596940767562317,0.512,0.267,0.00159914342912959,"5","ATP5EP2"
"LCP11",1.1664187393734e-07,0.637948781326965,0.636,0.371,0.00159962665917668,"5","LCP1"
"PPP4C1",1.22075880737427e-07,0.535457051062907,0.531,0.276,0.00167414862843307,"5","PPP4C"
"PSMD4",1.26357632579399e-07,0.657123968211305,0.525,0.27,0.00173286857319388,"5","PSMD4"
"BST21",1.28218276884695e-07,0.526381937095455,0.747,0.43,0.00175838544919671,"5","BST2"
"UBE2B",1.32815933362451e-07,1.28403204390253,0.321,0.141,0.00182143771013266,"5","UBE2B"
"COX6A1P2",1.73362560085266e-07,0.725014670069915,0.37,0.177,0.00237749414900934,"5","COX6A1P2"
"SEPT91",1.96129047891347e-07,0.519484357590373,0.574,0.323,0.00268971376278193,"5","SEPT9"
"ARF51",1.99636430053829e-07,0.665563918343749,0.519,0.284,0.00273781400175821,"5","ARF5"
"CYTH4",2.05245883400096e-07,1.33877910146544,0.278,0.122,0.00281474204494891,"5","CYTH4"
"HERPUD11",2.08116192057517e-07,0.467827983703651,0.407,0.2,0.00285410545787679,"5","HERPUD1"
"COX7A2",2.14072850113212e-07,0.550996122061522,0.654,0.384,0.00293579506645258,"5","COX7A2"
"PFDN51",2.14905674367216e-07,0.258211223810159,0.988,0.92,0.002947216418272,"5","PFDN5"
"CHCHD5",2.23080594219383e-07,0.536905737217127,0.309,0.137,0.00305932726912461,"5","CHCHD5"
"TXNL1",2.25979071455384e-07,0.417538611150693,0.37,0.169,0.00309907698593914,"5","TXNL1"
"CMTM7",2.2883626527026e-07,0.335512827408167,0.401,0.189,0.00313826054191635,"5","CMTM7"
"UQCR101",2.5679817894364e-07,0.426391113204052,0.605,0.332,0.00352173022603308,"5","UQCR10"
"FIBP1",2.57934005931659e-07,0.67095569858224,0.34,0.162,0.00353730695734678,"5","FIBP"
"CLTB1",2.62479621593315e-07,0.481588936780122,0.377,0.179,0.00359964553053072,"5","CLTB"
"CHCHD2",2.65759169781887e-07,0.39444518860218,0.92,0.7,0.0036446212543888,"5","CHCHD2"
"ADK",2.81452946060412e-07,0.556365138751463,0.259,0.108,0.00385984570227249,"5","ADK"
"GYG1",2.8675272201184e-07,0.308562324906227,0.253,0.105,0.00393252682967038,"5","GYG1"
"ZNHIT11",3.03289038106058e-07,0.46895759253845,0.5,0.261,0.00415930586858648,"5","ZNHIT1"
"ADI1",3.62801299891302e-07,0.524551230414493,0.321,0.148,0.00497545702670932,"5","ADI1"
"PDCL3",3.69538389666246e-07,0.727057455838274,0.265,0.114,0.0050678494758829,"5","PDCL3"
"NDUFS61",3.70885061107273e-07,0.516693808161715,0.432,0.218,0.00508631772802515,"5","NDUFS6"
"NDUFB6",4.23827676954147e-07,1.27509745781764,0.278,0.122,0.00581237276174917,"5","NDUFB6"
"RP11-347P5.1",4.66438162982641e-07,0.64335164067951,0.278,0.123,0.00639673296714394,"5","RP11-347P5.1"
"TADA3",4.75095715213314e-07,0.636558299716967,0.265,0.113,0.00651546263843539,"5","TADA3"
"PSMC2",4.95725452687168e-07,0.610931258171268,0.296,0.132,0.00679837885815182,"5","PSMC2"
"C1orf431",5.19719999259038e-07,0.667049268326747,0.42,0.215,0.00712744006983845,"5","C1orf43"
"TBCB",5.66978247906746e-07,0.669844805265376,0.537,0.292,0.00777553969179312,"5","TBCB"
"KDELR2",6.11564405117448e-07,0.539068940190985,0.346,0.168,0.00838699425178069,"5","KDELR2"
"NDUFA7.1",6.20984423216342e-07,0.437879529079509,0.327,0.151,0.00851618037998891,"5","NDUFA7.1"
"MYADM1",6.27638995220892e-07,0.311924995630182,0.37,0.179,0.00860744118045931,"5","MYADM"
"ADAR",6.63436712011745e-07,1.018343447557,0.346,0.17,0.00909837106852907,"5","ADAR"
"TMC6",7.18001549770975e-07,0.558582900575074,0.284,0.127,0.00984667325355915,"5","TMC6"
"MT-ND31",7.23320993545329e-07,0.38381764520378,0.401,0.193,0.00991962410548064,"5","MT-ND3"
"GLUD1",7.40477914984439e-07,0.967044751531856,0.272,0.12,0.0101549141260966,"5","GLUD1"
"NDUFC1",7.40909829488601e-07,0.62316065592375,0.272,0.121,0.0101608374016067,"5","NDUFC1"
"PSMB8",7.796316665587e-07,0.260593873130737,0.722,0.443,0.010691868675186,"5","PSMB8"
"RASGRP21",8.52040692000955e-07,0.341559574295515,0.438,0.23,0.0116848860501011,"5","RASGRP2"
"CRIP12",9.06155677604659e-07,0.450544156135311,0.599,0.355,0.0124270189626703,"5","CRIP1"
"PSENEN",9.52643338658632e-07,0.612020211982843,0.29,0.131,0.0130645507463645,"5","PSENEN"
"CALM3",1.04253557409173e-06,0.683575244342361,0.605,0.348,0.014297332863094,"5","CALM3"
"LRPAP1",1.09336452958075e-06,0.541356930431895,0.346,0.17,0.0149944011586705,"5","LRPAP1"
"UBE2E3",1.19034506851357e-06,0.653351133944043,0.259,0.114,0.016324392269595,"5","UBE2E3"
"ANAPC111",1.54411829389467e-06,0.312047607535738,0.463,0.233,0.0211760382824715,"5","ANAPC11"
"PRDX3",1.68249472598525e-06,0.262331050998989,0.278,0.126,0.0230737326721617,"5","PRDX3"
"ERCC1",1.83146086785158e-06,0.961507842142815,0.253,0.11,0.0251166543417165,"5","ERCC1"
"MYH9",1.90088429175006e-06,0.428639583029101,0.364,0.178,0.0260687271770603,"5","MYH9"
"SSBP4",2.03933430698022e-06,0.390282966984977,0.265,0.117,0.0279674306859268,"5","SSBP4"
"RHEB",2.03998370373881e-06,0.555946496992092,0.284,0.132,0.0279763365130741,"5","RHEB"
"LMAN2",2.15815166759725e-06,0.260467719047129,0.469,0.248,0.0295968919694287,"5","LMAN2"
"NDUFB71",2.32448537818009e-06,0.312280831761295,0.525,0.271,0.0318779924763617,"5","NDUFB7"
"OSTF11",2.56862878167397e-06,0.652649941400542,0.512,0.298,0.0352261751118768,"5","OSTF1"
"TLN1",2.59508285926913e-06,0.592564353315987,0.259,0.118,0.0355889663320168,"5","TLN1"
"GNAS1",2.59927733270437e-06,0.451924598887572,0.512,0.286,0.0356464893407078,"5","GNAS"
"BIN21",2.75606895105973e-06,0.311280854249553,0.605,0.354,0.0377967295948332,"5","BIN2"
"CD522",2.7762853962443e-06,0.251654492607894,0.975,0.89,0.0380739779240944,"5","CD52"
"COMT1",3.08682368599378e-06,0.678616621307135,0.309,0.147,0.0423327000297187,"5","COMT"
"PHPT11",3.13420834041622e-06,0.292046529476632,0.321,0.154,0.0429825331804681,"5","PHPT1"
"CD44",3.16506583541987e-06,0.323926145034159,0.698,0.447,0.0434057128669481,"5","CD44"
"NDUFV2",3.20542599996365e-06,0.452321799543687,0.494,0.268,0.0439592121635015,"5","NDUFV2"
"LSMD11",3.24994431788461e-06,0.73700879106707,0.34,0.166,0.0445697363754696,"5","LSMD1"
"SNRPD3",3.25601414385979e-06,0.592098667541053,0.34,0.168,0.0446529779688931,"5","SNRPD3"
"SQRDL",3.28166319540912e-06,0.544465256068486,0.284,0.135,0.0450047290618407,"5","SQRDL"
"RNF213",3.56737283446762e-06,0.763627943421899,0.414,0.215,0.0489229510518889,"5","RNF213"
"MIEN1",3.61178161289999e-06,0.534328752052352,0.346,0.171,0.0495319730393105,"5","MIEN1"
"SELT",3.62106100948445e-06,0.495466230578729,0.531,0.286,0.0496592306840697,"5","SELT"
"CDK2AP2",3.62402114073568e-06,0.458284509938066,0.315,0.15,0.0496998259240491,"5","CDK2AP2"
"TWF2",3.63008964465728e-06,0.477764559409377,0.346,0.173,0.0497830493868299,"5","TWF2"
"ARF11",3.64753916470839e-06,0.297639163730129,0.741,0.436,0.0500223521048109,"5","ARF1"
"ZFP361",3.77625604075504e-06,0.353519216973931,0.87,0.695,0.0517875753429147,"5","ZFP36"
"NDUFA121",4.06344683234749e-06,0.415628624242287,0.401,0.21,0.0557261098588135,"5","NDUFA12"
"VIMP",4.15701475509067e-06,0.483679467711951,0.296,0.143,0.0570093003513135,"5","VIMP"
"TCF25",4.21395318728202e-06,0.703228663827619,0.444,0.242,0.0577901540103856,"5","TCF25"
"HTATIP2",4.24134370180518e-06,0.418886665365505,0.259,0.117,0.0581657875265562,"5","HTATIP2"
"MKRN1",4.62540865497907e-06,0.522368376264257,0.377,0.198,0.0634328542943829,"5","MKRN1"
"ENO1",4.72000932405514e-06,0.419423332004847,0.784,0.551,0.0647302078700922,"5","ENO1"
"AMICA11",5.72952861244147e-06,0.41480168991262,0.457,0.251,0.0785747553910223,"5","AMICA1"
"PMAIP1",6.00457544353006e-06,0.386661654056205,0.265,0.124,0.0823467476325712,"5","PMAIP1"
"TUBB4B",6.15910032397693e-06,0.482595555451481,0.272,0.126,0.0844659018430196,"5","TUBB4B"
"PSMC4",6.42516598237108e-06,0.79825142033544,0.327,0.158,0.088114726282237,"5","PSMC4"
"CCDC115",6.59893810484036e-06,0.284976546583889,0.309,0.153,0.0904978371697807,"5","CCDC115"
"NDUFS71",6.87431611523515e-06,0.534002215124856,0.494,0.28,0.0942743712043348,"5","NDUFS7"
"PCMT1",6.90452218821136e-06,0.263155757209245,0.414,0.215,0.0946886172891306,"5","PCMT1"
"RAB2A",6.92658002332536e-06,0.659522470339802,0.321,0.16,0.0949911184398839,"5","RAB2A"
"NDUFA22",7.09693143030599e-06,0.280690918931754,0.457,0.245,0.0973273176352163,"5","NDUFA2"
"SAP18",7.44909642880209e-06,0.394911509897276,0.735,0.462,0.102156908424592,"5","SAP18"
"ICAM3",7.67213806396327e-06,0.401705168287328,0.667,0.407,0.105215701409192,"5","ICAM3"
"TMEM9B",7.84542221676787e-06,0.270293856855849,0.358,0.18,0.107592120280755,"5","TMEM9B"
"PSMB21",7.90695279051512e-06,0.529387686716203,0.389,0.206,0.108435950569124,"5","PSMB2"
"CAPZA1",8.01247306858599e-06,0.388869095573715,0.327,0.161,0.109883055662588,"5","CAPZA1"
"ATP6V0E1",8.03165677387696e-06,0.402215990106245,0.833,0.547,0.110146140996949,"5","ATP6V0E1"
"CHMP2A1",8.5044432931447e-06,0.511583454269398,0.451,0.252,0.116629935322186,"5","CHMP2A"
"TMBIM4.1",8.7276076741194e-06,0.275874335860617,0.494,0.278,0.119690411642873,"5","TMBIM4.1"
"ACTG12",9.02383206091706e-06,0.25171534280566,0.981,0.856,0.123752832883417,"5","ACTG1"
"ATP6AP2",9.33916374412647e-06,0.534686114438421,0.438,0.241,0.12807729158695,"5","ATP6AP2"
"OTUB1",1.01179810214624e-05,0.29466316466654,0.309,0.152,0.138757991728336,"5","OTUB1"
"SHFM1",1.08692808635791e-05,0.415640982741673,0.377,0.191,0.149061317763123,"5","SHFM1"
"NDUFA4",1.11772001174515e-05,0.334008483217482,0.735,0.514,0.15328412241073,"5","NDUFA4"
"DECR1",1.145406984282e-05,0.52785226748049,0.34,0.176,0.157081113824434,"5","DECR1"
"GRB21",1.3358262945129e-05,0.361039415747735,0.34,0.174,0.183195218029499,"5","GRB2"
"CHMP3",1.39464514576915e-05,0.468907806798135,0.327,0.164,0.191261635290781,"5","CHMP3"
"AHNAK1",1.41595157414631e-05,0.55272567164038,0.475,0.262,0.194183598878425,"5","AHNAK"
"CHMP5",1.43274609829547e-05,0.429344209210697,0.395,0.21,0.19648679992024,"5","CHMP5"
"BSG",1.49377010880691e-05,0.274022468692998,0.438,0.237,0.20485563272178,"5","BSG"
"RBCK1",1.54265685039512e-05,0.678367401226538,0.377,0.197,0.211559960463187,"5","RBCK1"
"MEA1",1.55148729736876e-05,0.330317243426015,0.259,0.12,0.212770967961152,"5","MEA1"
"RAB7A",1.62520534561228e-05,0.313485024888994,0.519,0.3,0.222880661097268,"5","RAB7A"
"OS9",1.73177350692999e-05,0.283112274454953,0.272,0.128,0.237495418740379,"5","OS9"
"PTGES32",1.78895721618666e-05,0.427578302769325,0.586,0.397,0.245337592627838,"5","PTGES3"
"IKZF1",1.84241933900431e-05,0.344547759652738,0.296,0.145,0.252669388151051,"5","IKZF1"
"ATP5F1",1.98685278576249e-05,0.325982775959885,0.593,0.359,0.272476991039468,"5","ATP5F1"
"PFDN2",2.1639218424907e-05,0.294556633775544,0.346,0.186,0.296760241479175,"5","PFDN2"
"C19orf10",2.460600328269e-05,0.320631841777749,0.389,0.207,0.337446729018811,"5","C19orf10"
"NUCB1",2.47123608769773e-05,0.468367279578171,0.327,0.167,0.338905317066866,"5","NUCB1"
"NAPA",2.50175660820862e-05,0.589029665222364,0.253,0.124,0.34309090124973,"5","NAPA"
"CCM2",2.50855252637017e-05,0.289405748602852,0.272,0.131,0.344022893466405,"5","CCM2"
"SSNA1",2.5998144845385e-05,0.414162082163481,0.395,0.213,0.35653855840961,"5","SSNA1"
"MYEOV2",2.63279207339817e-05,0.39128556110047,0.395,0.218,0.361061104945825,"5","MYEOV2"
"RAP1A",2.77133012382969e-05,0.263864119875973,0.549,0.311,0.380060213182003,"5","RAP1A"
"LIMS11",2.79279766279839e-05,0.340802209938774,0.29,0.147,0.383004271476171,"5","LIMS1"
"RALY1",2.82367773776215e-05,0.687997812457202,0.407,0.216,0.387239164956702,"5","RALY"
"NDUFS3",2.91728982746431e-05,0.458130011246697,0.302,0.156,0.400077126938455,"5","NDUFS3"
"SNX17",2.97791557120064e-05,0.846825369457893,0.383,0.208,0.408391341434456,"5","SNX17"
"WBP2",3.16433212834699e-05,0.313770923874949,0.29,0.145,0.433956508081506,"5","WBP2"
"TMEM1471",3.57323415778321e-05,0.340747017989847,0.346,0.183,0.49003333239839,"5","TMEM147"
"RNF71",3.7513638476927e-05,0.263773353303631,0.432,0.239,0.514462038072577,"5","RNF7"
"AKR1A1",3.83737561071573e-05,0.315072001425274,0.284,0.14,0.526257691253555,"5","AKR1A1"
"DCTN3",4.47150870253044e-05,0.760899410421206,0.407,0.222,0.613222703465024,"5","DCTN3"
"PABPC4",4.5409789795281e-05,0.40610198772785,0.259,0.126,0.622749857252483,"5","PABPC4"
"LCP2",4.59711848186384e-05,0.661730226638271,0.259,0.126,0.630448828602807,"5","LCP2"
"ARL4A",4.77348222041041e-05,0.506438139599671,0.278,0.146,0.654635351707083,"5","ARL4A"
"ARPC4",5.49002060428183e-05,0.285767784771544,0.519,0.303,0.75290142567121,"5","ARPC4"
"GPX41",6.54634313392854e-05,0.347464470914985,0.747,0.531,0.897765497386961,"5","GPX4"
"UQCRQ1",6.84723488080241e-05,0.388108331156615,0.469,0.282,0.939029791553243,"5","UQCRQ"
"ATRAID",7.36743632157033e-05,0.528904715969573,0.469,0.265,1,"5","ATRAID"
"NDUFS4",7.57551429841907e-05,0.346881421250187,0.253,0.126,1,"5","NDUFS4"
"GRK61",8.03479401190188e-05,0.526108283332946,0.333,0.18,1,"5","GRK6"
"STK17B",9.95694765741906e-05,0.274585978076317,0.352,0.187,1,"5","STK17B"
"UBC1",0.000103940427594207,0.297424318731496,0.963,0.846,1,"5","UBC"
"HM13",0.00010558282768347,0.458730586434955,0.259,0.134,1,"5","HM13"
"FDX1",0.000114263506666434,0.443626570713808,0.278,0.147,1,"5","FDX1"
"FBXW5",0.000114651662069143,0.317873351096477,0.253,0.127,1,"5","FBXW5"
"LDHA1",0.00011481559941573,0.471185685441403,0.722,0.478,1,"5","LDHA"
"COMMD7",0.000117794652707337,0.282954324999496,0.302,0.159,1,"5","COMMD7"
"FKBP8",0.000127866587952719,0.319786770075128,0.506,0.303,1,"5","FKBP8"
"ATP5I1",0.000127882855856409,0.346805412199249,0.469,0.277,1,"5","ATP5I"
"CD631",0.000128791933057482,0.258198701767516,0.531,0.333,1,"5","CD63"
"TAF9",0.000129056603473288,0.499533630031402,0.29,0.155,1,"5","TAF9"
"MRPL541",0.000132269781600858,0.402545701173339,0.377,0.216,1,"5","MRPL54"
"C19orf70",0.000145719862523874,0.487297812144748,0.37,0.214,1,"5","C19orf70"
"DSTN2",0.000151328313658716,0.392877071182848,0.34,0.189,1,"5","DSTN"
"PDCD51",0.000171055012298638,0.392214893087821,0.327,0.177,1,"5","PDCD5"
"CYC11",0.000184015845885233,0.443058691842854,0.327,0.185,1,"5","CYC1"
"RNF114",0.000201293088146315,0.360540470162938,0.253,0.128,1,"5","RNF114"
"NDUFA1",0.000220326161789908,0.305255549003841,0.543,0.319,1,"5","NDUFA1"
"PTPRC1",0.000228425160949008,0.253661683175003,0.66,0.442,1,"5","PTPRC"
"NDUFA6",0.000230443889708054,0.382661967162341,0.29,0.158,1,"5","NDUFA6"
"PDIA6",0.000244168013088908,0.281686024548108,0.401,0.229,1,"5","PDIA6"
"PRKAR1A",0.000250643190489175,0.274167429473059,0.309,0.166,1,"5","PRKAR1A"
"RHOF",0.000260682661710643,0.31621035764436,0.302,0.164,1,"5","RHOF"
"ZMAT2",0.00026984495854121,0.292430611439181,0.309,0.17,1,"5","ZMAT2"
"CHMP1B1",0.000277227790248746,0.571640075514251,0.438,0.25,1,"5","CHMP1B"
"MYL12B2",0.000277883809441049,0.404848462363913,0.901,0.688,1,"5","MYL12B"
"MAP1LC3B",0.000305420031178949,0.290054857854614,0.414,0.241,1,"5","MAP1LC3B"
"DAP3",0.000331811895145639,0.297332081911616,0.302,0.167,1,"5","DAP3"
"PPP1R7",0.000341648988799959,0.265568732859108,0.327,0.177,1,"5","PPP1R7"
"BAZ1A",0.000348466179258988,0.309642893144715,0.358,0.207,1,"5","BAZ1A"
"NDUFB12",0.000385397039647684,0.421188927994412,0.302,0.171,1,"5","NDUFB1"
"GIMAP2",0.000426476601820269,0.400188543536514,0.333,0.187,1,"5","GIMAP2"
"PAIP2",0.000431630149181128,0.35240744721499,0.488,0.306,1,"5","PAIP2"
"BLOC1S21",0.000454285033917312,0.38457592615312,0.278,0.155,1,"5","BLOC1S2"
"CAPG1",0.000467907346999308,0.3209280591674,0.377,0.223,1,"5","CAPG"
"DNAJC15",0.000487044371529022,2.95407704227235,0.253,0.138,1,"5","DNAJC15"
"SNRPD1",0.000545174007865468,0.427130675251221,0.346,0.206,1,"5","SNRPD1"
"TMEM258",0.000581634856058333,0.267792765633882,0.512,0.317,1,"5","TMEM258"
"NDUFA111",0.000655718795972149,0.398678939548661,0.63,0.399,1,"5","NDUFA11"
"BCAP31",0.000751320060435656,0.255738553804629,0.444,0.275,1,"5","BCAP31"
"TEX264",0.000784752016114165,0.38665837399511,0.278,0.158,1,"5","TEX264"
"NDUFB2",0.000831478498406035,0.317474867217529,0.531,0.337,1,"5","NDUFB2"
"PSMB71",0.000840105507556199,0.291118937294714,0.494,0.304,1,"5","PSMB7"
"ADRM1",0.000859848528706575,0.302753226060439,0.296,0.168,1,"5","ADRM1"
"PUF60",0.000928560384966026,0.283596180151998,0.278,0.155,1,"5","PUF60"
"ATP5L1",0.000968714217790545,0.262516192477117,0.858,0.689,1,"5","ATP5L"
"SDHD",0.000971753818370891,0.269841715350778,0.327,0.187,1,"5","SDHD"
"UBL51",0.000997478323416345,0.307477449783931,0.636,0.433,1,"5","UBL5"
"EIF1B",0.00100374787313662,0.420956582538222,0.315,0.183,1,"5","EIF1B"
"IFI27L21",0.0010197812441286,0.282044233895833,0.272,0.157,1,"5","IFI27L2"
"APBB1IP",0.00108851902375218,0.581604441412575,0.278,0.156,1,"5","APBB1IP"
"COPE1",0.00108988659102494,0.410506186628156,0.66,0.423,1,"5","COPE"
"UBXN1",0.00136475954298332,0.420857657158832,0.747,0.496,1,"5","UBXN1"
"SIVA1",0.00168184223134182,0.75223771274045,0.358,0.214,1,"5","SIVA1"
"DBI",0.001702342908245,0.351455260049893,0.525,0.345,1,"5","DBI"
"YPEL5",0.0017028435428561,0.644270104091527,0.519,0.326,1,"5","YPEL5"
"RASSF51",0.00187088879098196,0.278638928331782,0.296,0.176,1,"5","RASSF5"
"SMIM7",0.00207588467378539,1.01013225367953,0.272,0.155,1,"5","SMIM7"
"NCL",0.00246344811488997,0.466977974571699,0.383,0.23,1,"5","NCL"
"SOD12",0.00266279801884606,0.410411388298083,0.673,0.502,1,"5","SOD1"
"CCT7",0.00281114844263186,0.634511512023782,0.309,0.188,1,"5","CCT7"
"C1orf63",0.00310938757839452,0.842749089689461,0.296,0.173,1,"5","C1orf63"
"MX1",0.0037484201783633,0.369064505264702,0.346,0.21,1,"5","MX1"
"SSB",0.00566138657234361,0.334586093448217,0.364,0.225,1,"5","SSB"
"COPS6",0.0083666117903749,0.453566562585627,0.302,0.186,1,"5","COPS6"
"GZMB1",0,5.97743702177774,0.961,0.068,0,"6","GZMB"
"PRF11",0,5.15232084570285,0.948,0.107,0,"6","PRF1"
"GNLY1",0,5.95938585821989,0.961,0.131,0,"6","GNLY"
"FGFBP21",0,5.40450902274513,0.877,0.062,0,"6","FGFBP2"
"CST71",0,3.86536015544327,0.948,0.149,0,"6","CST7"
"GZMA1",0,3.73384620948223,0.929,0.152,0,"6","GZMA"
"NKG71",0,4.22775527342,1,0.255,0,"6","NKG7"
"CTSW1",0,3.36427587747215,0.987,0.257,0,"6","CTSW"
"FCGR3A1",0,2.74422253612651,0.839,0.145,0,"6","FCGR3A"
"SPON2",0,5.71148215432878,0.729,0.039,0,"6","SPON2"
"CCL41",0,4.79228699216009,0.71,0.077,0,"6","CCL4"
"CD2471",0,3.51047221179845,0.858,0.231,0,"6","CD247"
"GZMM1",0,2.92611632645018,0.806,0.209,0,"6","GZMM"
"GZMH1",0,3.00297531294264,0.619,0.068,0,"6","GZMH"
"HOPX1",0,3.45890808004333,0.658,0.117,0,"6","HOPX"
"CLIC3",0,5.27045018214353,0.568,0.029,0,"6","CLIC3"
"APMAP1",0,3.30082525101895,0.626,0.091,0,"6","APMAP"
"TYROBP2",0,0.417210262875706,0.897,0.366,0,"6","TYROBP"
"CD73",0,2.29401523238711,0.865,0.337,0,"6","CD7"
"XCL2",0,5.35734139660214,0.535,0.022,0,"6","XCL2"
"KLRD1",0,4.81809546824456,0.542,0.03,0,"6","KLRD1"
"FCER1G2",0,1.07717088895312,0.839,0.328,0,"6","FCER1G"
"IGFBP7",0,5.18830435719186,0.548,0.058,0,"6","IGFBP7"
"ID22",0,1.84155707515082,0.819,0.36,0,"6","ID2"
"AKR1C3",0,6.22191736578399,0.471,0.013,0,"6","AKR1C3"
"CTSC2",0,1.97097352104747,0.697,0.241,0,"6","CTSC"
"TPST21",0,2.65768308913641,0.568,0.117,0,"6","TPST2"
"PLAC81",0,2.09001608522719,0.877,0.432,0,"6","PLAC8"
"TTC38",0,5.08131036936062,0.458,0.023,0,"6","TTC38"
"IL2RB",0,4.10977319422521,0.471,0.041,0,"6","IL2RB"
"CD632",0,2.0962640544536,0.748,0.32,0,"6","CD63"
"MATK",0,3.49222328613786,0.452,0.046,0,"6","MATK"
"CCL51",0,1.87032050044641,0.697,0.293,0,"6","CCL5"
"RHOC1",0,1.93885752569903,0.568,0.164,0,"6","RHOC"
"ITGB23",0,1.97679093271315,0.845,0.448,0,"6","ITGB2"
"PRSS23",0,5.07315580859008,0.4,0.015,0,"6","PRSS23"
"C12orf751",0,2.43465965012114,0.484,0.116,0,"6","C12orf75"
"RAP1B2",0,1.60908121836151,0.71,0.342,0,"6","RAP1B"
"APOBEC3G1",0,1.96100787312261,0.561,0.195,0,"6","APOBEC3G"
"ARPC5L1",0,2.62177460959989,0.523,0.165,0,"6","ARPC5L"
"RARRES33",0,1.57305084398337,0.806,0.451,0,"6","RARRES3"
"S1PR5",0,4.20438527934282,0.374,0.024,0,"6","S1PR5"
"XCL1",0,5.30070662028658,0.361,0.012,0,"6","XCL1"
"SRGN2",0,1.36812719137601,0.923,0.579,0,"6","SRGN"
"EFHD22",0,2.02390232547557,0.516,0.174,0,"6","EFHD2"
"CD991",0,1.46446737091211,0.819,0.487,0,"6","CD99"
"NCR31",0,2.57493980846398,0.406,0.075,0,"6","NCR3"
"PLEK2",0,2.2025940355847,0.471,0.151,0,"6","PLEK"
"PLEKHF1",0,3.95100943263088,0.348,0.028,0,"6","PLEKHF1"
"BST22",0,1.26197186723676,0.748,0.431,0,"6","BST2"
"IFITM12",0,1.49024793377662,0.774,0.458,0,"6","IFITM1"
"SAMD31",0,2.97738983923476,0.413,0.099,0,"6","SAMD3"
"ALOX5AP1",0,2.09051178288554,0.529,0.216,0,"6","ALOX5AP"
"PDIA32",0,1.5656107210182,0.632,0.32,0,"6","PDIA3"
"PPP1R181",0,1.7910718202799,0.574,0.267,0,"6","PPP1R18"
"XBP11",0,1.98247125651371,0.574,0.268,0,"6","XBP1"
"ZAP701",0,2.25757789079723,0.426,0.126,0,"6","ZAP70"
"GPR56",0,4.43922162448322,0.316,0.018,0,"6","GPR56"
"MYO1F3",0,1.81093453600001,0.516,0.22,0,"6","MYO1F"
"CHST121",0,2.6953590812296,0.394,0.099,0,"6","CHST12"
"LITAF1",0,1.53479141600374,0.587,0.295,0,"6","LITAF"
"HCST1",0,1.48487214039585,0.813,0.523,0,"6","HCST"
"CD532",0,1.21598536165325,0.819,0.531,0,"6","CD53"
"PTGDR",0,4.37960593189489,0.316,0.03,0,"6","PTGDR"
"PTPRCAP2",0,1.10989423634883,0.91,0.625,0,"6","PTPRCAP"
"CTSD2",0,1.43814491830844,0.51,0.226,0,"6","CTSD"
"ARL4C2",0,1.83582885317874,0.465,0.182,0,"6","ARL4C"
"CD300A1",0,2.54970671298926,0.394,0.111,0,"6","CD300A"
"SH2D1B",0,6.06547503090786,0.29,0.007,0,"6","SH2D1B"
"CCL31",0,2.37147618148807,0.406,0.124,0,"6","CCL3"
"TBX21",0,3.88722517031484,0.31,0.028,0,"6","TBX21"
"HAVCR2",0,4.73645480117,0.31,0.03,0,"6","HAVCR2"
"C1orf21",0,4.45995027143859,0.297,0.017,0,"6","C1orf21"
"ABI31",0,1.84027690128996,0.439,0.161,0,"6","ABI3"
"DHRS71",0,1.59742980086413,0.581,0.304,0,"6","DHRS7"
"SEPT71",0,1.59227955402801,0.594,0.323,0,"6","SEPT7"
"CLIC13",0,1.29820567021039,0.897,0.629,0,"6","CLIC1"
"PSMB10",0,1.47566627454392,0.606,0.34,0,"6","PSMB10"
"C5orf56",0,2.16377641759651,0.374,0.109,0,"6","C5orf56"
"AOAH1",0,2.27754032201668,0.374,0.111,0,"6","AOAH"
"KLRF1",0,5.42537825630694,0.271,0.008,0,"6","KLRF1"
"ANXA61",0,1.2564951387709,0.542,0.28,0,"6","ANXA6"
"CX3CR11",0,2.77487075548924,0.316,0.062,0,"6","CX3CR1"
"UBE2F1",0,1.91344008698878,0.368,0.12,0,"6","UBE2F"
"BIN22",0,1.54301162290084,0.6,0.355,0,"6","BIN2"
"FCRL6",0,3.59631857891398,0.252,0.022,0,"6","FCRL6"
"IFITM21",0,1.01812147520459,0.923,0.696,0,"6","IFITM2"
"RAC2",0,1.34660793414456,0.858,0.639,0,"6","RAC2"
"SDF4",0,2.03843870085379,0.329,0.114,0,"6","SDF4"
"ASCL2",0,2.86061292518709,0.265,0.053,0,"6","ASCL2"
"UCP21",0,1.1076397440012,0.761,0.549,0,"6","UCP2"
"ABHD17A",0,2.75862075933293,0.252,0.05,0,"6","ABHD17A"
"CALM12",0,1.04672784145556,0.865,0.666,0,"6","CALM1"
"UBB1",0,1.39978381496048,0.955,0.772,0,"6","UBB"
"ARPC22",0,0.781350668293065,0.923,0.795,0,"6","ARPC2"
"MYL12A2",0,0.971713188438649,0.987,0.867,0,"6","MYL12A"
"TXNIP1",0,0.884435796395689,0.871,0.752,0,"6","TXNIP"
"HLA-E1",0,1.07295474699892,0.974,0.882,0,"6","HLA-E"
"CFL12",0,0.749740150392333,0.994,0.911,0,"6","CFL1"
"HLA-B1",0,0.984258057889844,1,0.945,0,"6","HLA-B"
"PFN13",0,0.970426531160443,0.994,0.942,0,"6","PFN1"
"HLA-A2",0,1.15578597488044,1,0.963,0,"6","HLA-A"
"HLA-C1",0,1.24130365312027,1,0.98,0,"6","HLA-C"
"B2M2",0,0.940562393645345,1,1,0,"6","B2M"
"CMC1",2.22044604925031e-16,2.06850677254008,0.271,0.082,3.04511971194188e-12,"6","CMC1"
"CYBA2",2.22044604925031e-16,0.669634865600877,0.961,0.84,3.04511971194188e-12,"6","CYBA"
"SERF22",4.44089209850063e-16,0.67433394091899,0.948,0.851,6.09023942388376e-12,"6","SERF2"
"GLIPR21",2.22044604925031e-15,1.53324519144009,0.445,0.211,3.04511971194188e-11,"6","GLIPR2"
"CCND32",2.44249065417534e-15,1.16559817391113,0.606,0.401,3.34963168313607e-11,"6","CCND3"
"C9orf1421",4.21884749357559e-15,1.44048231220955,0.465,0.228,5.78572745268957e-11,"6","C9orf142"
"ACTB2",6.88338275267597e-15,0.609219107125186,1,0.992,9.43987110701983e-11,"6","ACTB"
"PSME22",8.65973959207622e-15,0.994071730791311,0.748,0.542,1.18759668765733e-10,"6","PSME2"
"NDUFB21",2.73114864057789e-14,1.58147335242047,0.561,0.336,3.74549724568851e-10,"6","NDUFB2"
"LAMP1",4.15223411209809e-14,1.67488191392389,0.406,0.191,5.69437386133131e-10,"6","LAMP1"
"BZW1",5.37347943918576e-14,1.61182916861971,0.361,0.152,7.36918970289935e-10,"6","BZW1"
"IL2RG2",1.15019105351166e-13,1.20144670845316,0.645,0.428,1.57737201078589e-09,"6","IL2RG"
"PSME1",1.98507876802978e-13,0.648789323047588,0.852,0.731,2.72233702247604e-09,"6","PSME1"
"MYL62",2.1049828546893e-13,0.547267656029696,0.948,0.847,2.8867734869209e-09,"6","MYL6"
"BSG1",2.66009436700188e-13,1.39168547239624,0.452,0.237,3.64805341490637e-09,"6","BSG"
"HSPA52",3.38618022510673e-13,1.50048708529572,0.4,0.188,4.64380756071137e-09,"6","HSPA5"
"DRAP11",5.07371922253697e-13,0.886227330053512,0.671,0.454,6.95809854178719e-09,"6","DRAP1"
"PRMT2",7.91811061162662e-13,1.56730076148545,0.413,0.206,1.08588968927847e-08,"6","PRMT2"
"CALR1",9.80993064558788e-13,1.4518246723607,0.477,0.268,1.34533388873592e-08,"6","CALR"
"ITGB7",1.10800257857591e-12,1.5519259330339,0.316,0.13,1.519514736259e-08,"6","ITGB7"
"PSMB81",1.40443212615082e-12,1.12464242946557,0.665,0.447,1.92603821780324e-08,"6","PSMB8"
"DBI1",1.55631063591954e-12,1.09595192404945,0.555,0.344,2.13432440610006e-08,"6","DBI"
"SELT1",3.04423153352218e-12,1.25483406420042,0.49,0.289,4.17485912507232e-08,"6","SELT"
"CD164",4.15134593367839e-12,1.30349301017735,0.529,0.333,5.69315581344654e-08,"6","CD164"
"PPIA1",1.84960935456502e-11,0.673330351053649,0.839,0.737,2.53655426885047e-07,"6","PPIA"
"CISD3",2.03943528731543e-11,1.81808572835901,0.29,0.118,2.79688155302438e-07,"6","CISD3"
"SH3BGRL33",2.45767850515222e-11,0.490370428360763,0.955,0.853,3.37046030196575e-07,"6","SH3BGRL3"
"PPP1CA1",3.06663583415911e-11,0.934772158248786,0.671,0.51,4.20558438296581e-07,"6","PPP1CA"
"ANXA13",3.1312508141923e-11,0.720898209633997,0.787,0.581,4.29419736658332e-07,"6","ANXA1"
"HNRNPA2B11",5.52093926131647e-11,1.0132659781799,0.735,0.631,7.57141610296941e-07,"6","HNRNPA2B1"
"JAK1",5.85000936581537e-11,1.36250054587296,0.374,0.189,8.02270284427919e-07,"6","JAK1"
"SUN21",8.87627749079911e-11,1.1986034520209,0.432,0.24,1.21729269508819e-06,"6","SUN2"
"MRPS6",1.52330592584349e-10,1.83020696944454,0.329,0.153,2.08906174670176e-06,"6","MRPS6"
"HNRNPA31",2.67739608261763e-10,0.928015346124531,0.503,0.3,3.67178098770182e-06,"6","HNRNPA3"
"ARL6IP1",2.70767408494521e-10,1.38157317384912,0.361,0.181,3.71330424009386e-06,"6","ARL6IP1"
"CAP12",2.92875945717697e-10,1.01467616001858,0.574,0.404,4.01650071957249e-06,"6","CAP1"
"SLC9A3R11",3.16962900370754e-10,1.94093463586553,0.323,0.154,4.34682921568452e-06,"6","SLC9A3R1"
"KLRG11",3.3378344532764e-10,1.65952451261424,0.265,0.106,4.57750616922326e-06,"6","KLRG1"
"GNG21",3.3610980665344e-10,1.80802795914061,0.271,0.116,4.60940988844527e-06,"6","GNG2"
"PRDX52",4.69828398408367e-10,0.962255207581899,0.523,0.344,6.44322665577235e-06,"6","PRDX5"
"PTGER2",6.64303501096697e-10,1.57505341479442,0.29,0.129,9.1102582140401e-06,"6","PTGER2"
"PRKCH",7.2767636360993e-10,1.58115784850767,0.271,0.118,9.97935365054659e-06,"6","PRKCH"
"MALAT12",1.0824752205707e-09,0.316737095155128,1,1,1.48450651749066e-05,"6","MALAT1"
"FLOT1",1.10245568230027e-09,1.61004688182204,0.258,0.106,1.5119077227066e-05,"6","FLOT1"
"YWHAQ2",1.9357475622428e-09,1.04181446205962,0.458,0.279,2.65468420685977e-05,"6","YWHAQ"
"ACTG13",3.12027137461257e-09,0.774065084184282,0.929,0.86,4.27914016314368e-05,"6","ACTG1"
"POLR2G",4.89508855672227e-09,1.06287238692581,0.406,0.234,6.71312444668892e-05,"6","POLR2G"
"FDPS",5.3023867518931e-09,1.4569872432518,0.277,0.128,7.27169319154619e-05,"6","FDPS"
"EIF3G",5.74863068258935e-09,0.780819416831054,0.684,0.571,7.88367211810304e-05,"6","EIF3G"
"SKAP1",6.7423406857614e-09,1.45934054900688,0.284,0.132,9.24644601645319e-05,"6","SKAP1"
"SYTL11",7.20464266024123e-09,1.41302812281326,0.316,0.16,9.88044694425483e-05,"6","SYTL1"
"TMED91",9.74572089695869e-09,1.11059658887031,0.413,0.243,0.000133652816380891,"6","TMED9"
"UBC2",9.94147919541888e-09,0.521141541997659,0.923,0.849,0.000136337445685975,"6","UBC"
"FGR2",1.08885336302933e-08,1.42902063521029,0.381,0.206,0.000149325350205842,"6","FGR"
"PSMC41",1.11642801670087e-08,1.98130086426861,0.316,0.159,0.000153106938210357,"6","PSMC4"
"LYAR1",1.22078049891172e-08,1.81969137471556,0.342,0.172,0.000167417837620754,"6","LYAR"
"MYL12B3",1.40392026892755e-08,0.507730271688217,0.813,0.694,0.000192533625680724,"6","MYL12B"
"ARPC41",2.35633463852025e-08,1.00722968008145,0.465,0.307,0.000323147732326667,"6","ARPC4"
"BTN3A21",2.87595487424852e-08,0.908925076438473,0.368,0.207,0.000394408451454442,"6","BTN3A2"
"PPIB1",2.9811513480027e-08,0.74589080715855,0.613,0.468,0.00040883509586509,"6","PPIB"
"RCN2",3.3999605797419e-08,1.35516107967709,0.265,0.124,0.000466270593905804,"6","RCN2"
"AES3",3.54172007277498e-08,0.741088032185794,0.671,0.482,0.000485711490780361,"6","AES"
"ENSA",4.11197025318444e-08,1.00512761086641,0.458,0.303,0.000563915600521714,"6","ENSA"
"HDDC2",4.90607949821253e-08,1.39777890492269,0.277,0.135,0.000672819742384867,"6","HDDC2"
"IRF1",6.7128361092017e-08,1.16721925355605,0.426,0.276,0.000920598344015922,"6","IRF1"
"DEF6",7.18433672552976e-08,2.01576679879695,0.29,0.148,0.000985259938539151,"6","DEF6"
"SCP2",7.53435620559628e-08,1.80319545417157,0.426,0.265,0.00103326161003547,"6","SCP2"
"TBCB1",8.31968067771527e-08,0.728942600956368,0.458,0.298,0.00114096100814187,"6","TBCB"
"SERPINB11",9.8460281261481e-08,0.719442460988441,0.516,0.356,0.00135028429721995,"6","SERPINB1"
"TMEM50A1",1.0320507892736e-07,0.724800044960981,0.419,0.257,0.00141535445240981,"6","TMEM50A"
"HSP90B11",1.13416272595757e-07,1.27745331182993,0.387,0.238,0.00155539076237821,"6","HSP90B1"
"RNF126",1.15474107609259e-07,1.32431639919952,0.297,0.153,0.00158361191175338,"6","RNF126"
"DSTN3",1.36936044725644e-07,1.17497111506183,0.335,0.19,0.00187794091736748,"6","DSTN"
"GIMAP73",1.62449625529248e-07,0.573962079982318,0.677,0.532,0.00222783416450811,"6","GIMAP7"
"FKBP11",1.65762328974139e-07,1.64237977220304,0.258,0.126,0.00227326457955135,"6","FKBP11"
"FAM49B1",2.03388842878738e-07,1.04120757358797,0.432,0.295,0.00278927459123901,"6","FAM49B"
"TBC1D10C",2.45907654239375e-07,0.969914969073492,0.445,0.293,0.00337237757023878,"6","TBC1D10C"
"OSTF12",2.73126782746047e-07,1.11382120722955,0.452,0.302,0.00374566069857929,"6","OSTF1"
"SDF2L1",3.01021247706146e-07,1.311239863231,0.271,0.136,0.00412820539104208,"6","SDF2L1"
"FLNA2",3.14803117129614e-07,1.3791631696101,0.348,0.204,0.00431720994831553,"6","FLNA"
"TAP12",3.7215880621666e-07,1.06347377480159,0.368,0.224,0.00510378586845528,"6","TAP1"
"LCP12",4.19573467302925e-07,0.998946680343896,0.516,0.379,0.00575403053059231,"6","LCP1"
"ACTR3",4.28580197331385e-07,0.666159196577081,0.555,0.406,0.00587754882620262,"6","ACTR3"
"PSMB92",4.33531990085001e-07,0.659351792353257,0.697,0.579,0.0059454577120257,"6","PSMB9"
"OPTN1",4.40429788417518e-07,1.05813820993092,0.271,0.135,0.00604005411835784,"6","OPTN"
"CCDC107",4.7481328513399e-07,1.06667144814834,0.303,0.163,0.00651158939232754,"6","CCDC107"
"EVL2",6.8263645514044e-07,0.701758678219444,0.665,0.524,0.00936167634579599,"6","EVL"
"CD972",9.44624657384097e-07,1.11462765928542,0.361,0.217,0.0129545825513655,"6","CD97"
"ATP6AP21",9.45191147128099e-07,1.02133351339065,0.387,0.244,0.0129623513917148,"6","ATP6AP2"
"CDC42SE1",1.06052687742775e-06,1.03016689840805,0.348,0.211,0.0145440655970441,"6","CDC42SE1"
"SRI1",1.49931529769276e-06,0.894842977634612,0.4,0.259,0.0205616099925585,"6","SRI"
"TBCC",1.5146467486904e-06,1.00806122865877,0.284,0.152,0.0207718655115401,"6","TBCC"
"PSMB1",1.51912676504828e-06,0.75684818853538,0.587,0.46,0.0208333044558722,"6","PSMB1"
"EMP32",1.70480574923637e-06,0.575940859964518,0.839,0.728,0.0233797060450276,"6","EMP3"
"C19orf66",2.37682188264365e-06,1.19336199178369,0.29,0.162,0.0325957352985751,"6","C19orf66"
"RAB7A1",2.44807339200293e-06,0.85623188393479,0.432,0.306,0.0335728784979281,"6","RAB7A"
"GOLGA7",2.45552307198693e-06,1.10716902907242,0.271,0.149,0.0336750434092288,"6","GOLGA7"
"RBM39",2.55754184097512e-06,0.701907049118232,0.477,0.346,0.0350741288071328,"6","RBM39"
"PSMD8",2.78747793269751e-06,0.819269301605416,0.432,0.292,0.0382274723690137,"6","PSMD8"
"HLA-F1",2.98473847104574e-06,1.30380713561311,0.452,0.325,0.0409327033919213,"6","HLA-F"
"MAP1LC3B1",3.22078016767868e-06,0.945941665599454,0.374,0.244,0.0441697792195455,"6","MAP1LC3B"
"DENND2D",4.38530818502869e-06,1.41108263228072,0.277,0.153,0.0601401164494835,"6","DENND2D"
"RASSF52",4.40786333655296e-06,1.26854359856335,0.297,0.176,0.0604494377974873,"6","RASSF5"
"MIEN11",4.72250376737371e-06,1.21272541969585,0.297,0.174,0.064764416665763,"6","MIEN1"
"TRAPPC11",4.80349540343816e-06,0.833551284891176,0.561,0.443,0.065875135962751,"6","TRAPPC1"
"CAPZB1",5.42914515655468e-06,0.500481412623743,0.671,0.553,0.0744552966769909,"6","CAPZB"
"ARPC51",5.70795642973465e-06,0.500567074001792,0.639,0.521,0.078278914477381,"6","ARPC5"
"PSENEN1",5.7746985606677e-06,1.15112878875591,0.252,0.134,0.0791942160609969,"6","PSENEN"
"PAIP21",6.21763870212177e-06,0.751315525703815,0.439,0.31,0.085268697160898,"6","PAIP2"
"SEPW11",6.56067522353254e-06,0.802494906979881,0.374,0.247,0.0899731000155253,"6","SEPW1"
"DDOST",7.12243048361927e-06,1.45172459828449,0.303,0.182,0.0976770116523547,"6","DDOST"
"HSP90AA12",7.98913807265045e-06,0.740649508865059,0.632,0.531,0.109563039528328,"6","HSP90AA1"
"WDR11",8.43584540022313e-06,1.11156713126189,0.381,0.255,0.11568918381866,"6","WDR1"
"C19orf101",9.04445438032475e-06,1.12027432250392,0.335,0.211,0.124035647371774,"6","C19orf10"
"RBM8A",1.04602829951173e-05,1.09785421885071,0.439,0.308,0.143452320995038,"6","RBM8A"
"DDIT41",1.05869739857045e-05,0.920782788028036,0.342,0.215,0.145189761239952,"6","DDIT4"
"RALY2",1.20434263075619e-05,0.708239620536183,0.342,0.22,0.165163548381905,"6","RALY"
"GHITM",1.33122953478448e-05,0.66871110201684,0.484,0.367,0.182564818400344,"6","GHITM"
"HMOX21",1.65141376844424e-05,1.29600635237869,0.29,0.177,0.226474884204444,"6","HMOX2"
"RNF2131",1.65659967090726e-05,0.940000859743671,0.342,0.22,0.227186078868221,"6","RNF213"
"CHCHD21",1.70428299646197e-05,0.40139525509974,0.768,0.71,0.233725370134795,"6","CHCHD2"
"PDIA61",2.08316512637641e-05,0.853328559573177,0.355,0.233,0.28568526543126,"6","PDIA6"
"P4HB2",2.24551593035471e-05,1.05677104540087,0.355,0.23,0.307950054688845,"6","P4HB"
"ZFAND61",2.5402749349368e-05,1.11699690002742,0.271,0.158,0.348373304577233,"6","ZFAND6"
"TMBIM61",2.57028320052033e-05,0.534907919071433,0.594,0.512,0.352488638119358,"6","TMBIM6"
"PIM12",2.77456751511806e-05,1.23183735025613,0.297,0.178,0.380504189023291,"6","PIM1"
"MSN2",2.91296192587165e-05,0.86498249874212,0.4,0.279,0.399483598514038,"6","MSN"
"CD471",2.97329464360452e-05,0.706948135052262,0.361,0.24,0.407757627423924,"6","CD47"
"DCTN31",2.99446168512407e-05,0.821641290217284,0.342,0.227,0.410660475497915,"6","DCTN3"
"STK17A3",3.16931087172012e-05,0.788103971661293,0.445,0.311,0.434639292947697,"6","STK17A"
"CNPY2",3.25274063157632e-05,1.09151986904359,0.284,0.172,0.446080850214377,"6","CNPY2"
"ATF6B",3.53975707869658e-05,1.10962246012334,0.252,0.143,0.485442285772449,"6","ATF6B"
"SELL2",3.60827020426946e-05,0.786435661689605,0.561,0.467,0.494838175813514,"6","SELL"
"NDUFB72",3.6879967235226e-05,1.02762210919202,0.387,0.281,0.50577187066389,"6","NDUFB7"
"CCDC121",4.004822594883e-05,1.26327645375861,0.348,0.242,0.549221370662254,"6","CCDC12"
"MIR1421",4.04210842777086e-05,1.27010538622964,0.271,0.161,0.554334749784496,"6","MIR142"
"LSM1",4.15555849990756e-05,1.16620644956928,0.258,0.149,0.569893292677323,"6","LSM1"
"CFLAR",4.4838233551836e-05,0.935808100136418,0.303,0.191,0.614911534929879,"6","CFLAR"
"CDC42",4.55942328749792e-05,0.725758260799762,0.465,0.369,0.625279309647465,"6","CDC42"
"SPCS22",5.87075312235008e-05,0.747126280404849,0.4,0.299,0.80511508319909,"6","SPCS2"
"IMP3",6.00264258769911e-05,0.789859302317663,0.323,0.208,0.823202404477057,"6","IMP3"
"CHMP2A2",6.2719051568294e-05,1.01882680691375,0.368,0.258,0.860129073207585,"6","CHMP2A"
"TERF2IP2",6.74721355202745e-05,0.686579487173401,0.335,0.223,0.925312866525045,"6","TERF2IP"
"ACP11",6.82398670068807e-05,0.993911159006295,0.342,0.23,0.935841536132362,"6","ACP1"
"ENO11",6.83118029876084e-05,0.348600887812259,0.671,0.559,0.936828066172062,"6","ENO1"
"MAF1",6.84000324568945e-05,0.657402787814024,0.335,0.222,0.938038045113851,"6","MAF1"
"SUMO2",6.9517585769896e-05,0.46623320259685,0.677,0.594,0.953364171248353,"6","SUMO2"
"HMGN3",7.089399908633e-05,0.897316804325627,0.342,0.232,0.972240303469929,"6","HMGN3"
"BAX2",7.3187897931426e-05,1.01417050341032,0.4,0.301,1,"6","BAX"
"PSMA51",7.58549361177252e-05,0.814579830469989,0.374,0.263,1,"6","PSMA5"
"EMC4",7.89327467651812e-05,0.952340344712123,0.31,0.204,1,"6","EMC4"
"SIGIRR1",9.64650280808055e-05,1.13423438487261,0.329,0.22,1,"6","SIGIRR"
"WIPF11",0.000109141548869873,1.14154525045202,0.303,0.202,1,"6","WIPF1"
"RPA22",0.00011729591842502,0.792993291135399,0.284,0.176,1,"6","RPA2"
"SEC61B",0.000124468770745567,0.575377972224505,0.419,0.313,1,"6","SEC61B"
"TMEM592",0.000139651943150687,0.5928825643104,0.484,0.393,1,"6","TMEM59"
"KDELR21",0.000141281403579052,0.912370315327995,0.277,0.173,1,"6","KDELR2"
"DOK23",0.000142688620884401,0.891359059217506,0.342,0.235,1,"6","DOK2"
"LSP12",0.000148274357746336,0.406888308517696,0.652,0.54,1,"6","LSP1"
"SRSF2",0.000163497618092867,1.11590258622058,0.484,0.389,1,"6","SRSF2"
"NDUFA61",0.00017746171564581,1.08695891296723,0.258,0.161,1,"6","NDUFA6"
"DDX53",0.000182749428118578,0.319825631382982,0.884,0.81,1,"6","DDX5"
"SRSF91",0.000185313621634764,0.706212029097233,0.4,0.301,1,"6","SRSF9"
"KLF2",0.000215044385333041,0.615824727702639,0.71,0.605,1,"6","KLF2"
"C11orf581",0.000226487621098226,0.558126058838028,0.471,0.384,1,"6","C11orf58"
"CYCS",0.000251269543694921,0.643354708512049,0.419,0.312,1,"6","CYCS"
"TPI12",0.000269253926934887,0.459641604705155,0.594,0.503,1,"6","TPI1"
"CIRBP2",0.000285422392462209,0.713278468414978,0.735,0.706,1,"6","CIRBP"
"DNAJB6",0.000288236087154115,0.856811611515685,0.277,0.178,1,"6","DNAJB6"
"PLEKHJ1",0.000303466885344772,0.839879453889731,0.252,0.159,1,"6","PLEKHJ1"
"SRSF3",0.000328407438046519,1.07543681615005,0.555,0.469,1,"6","SRSF3"
"UBE2L31",0.00036334592253362,0.881250983862589,0.329,0.233,1,"6","UBE2L3"
"VDAC3",0.000365176602193262,0.469310927131917,0.258,0.165,1,"6","VDAC3"
"NOP102",0.000376524401137557,0.707756712137028,0.394,0.29,1,"6","NOP10"
"PDAP1",0.00041614893329478,0.896819154255149,0.271,0.18,1,"6","PDAP1"
"CSNK2B2",0.000417352683186767,1.14185421911888,0.419,0.337,1,"6","CSNK2B"
"ARL6IP52",0.000425143478455903,0.291423151526323,0.535,0.451,1,"6","ARL6IP5"
"MYH91",0.000467392864090144,0.873406797389405,0.277,0.184,1,"6","MYH9"
"POLR3GL",0.000493953023029015,0.858031869233536,0.29,0.202,1,"6","POLR3GL"
"LIMD21",0.000509159863248954,0.462083184362153,0.729,0.653,1,"6","LIMD2"
"LMAN21",0.000569583916171679,0.864402277950141,0.342,0.256,1,"6","LMAN2"
"IFI16",0.000571203177566648,0.932141400880085,0.265,0.172,1,"6","IFI16"
"LCK3",0.000596365942825638,0.484721923561192,0.471,0.354,1,"6","LCK"
"TGFB12",0.000602688097011361,0.729160769569888,0.29,0.195,1,"6","TGFB1"
"HSPA83",0.00062457921205894,0.381908949636505,0.716,0.673,1,"6","HSPA8"
"RNF167",0.000641495105809131,1.02649777301983,0.258,0.166,1,"6","RNF167"
"TCF251",0.000692188497587898,0.824364311045506,0.335,0.25,1,"6","TCF25"
"PPP2R5C2",0.000755276053255871,0.775196080130346,0.329,0.238,1,"6","PPP2R5C"
"BUD311",0.000792722794001888,0.832228395337435,0.335,0.252,1,"6","BUD31"
"HMGB12",0.000795546917023326,0.361766778884248,0.677,0.631,1,"6","HMGB1"
"WSB11",0.000807824657597989,0.805668191611078,0.271,0.176,1,"6","WSB1"
"NDUFB8.1",0.000808764867610501,0.676197905956535,0.471,0.397,1,"6","NDUFB8.1"
"ARHGDIB1",0.000819366140111466,0.401293626327266,0.935,0.914,1,"6","ARHGDIB"
"ADRM11",0.000823229963174521,0.898850249533055,0.258,0.171,1,"6","ADRM1"
"SP1001",0.000824819133909527,0.685697328405661,0.361,0.264,1,"6","SP100"
"C9orf161",0.00086839628603963,0.373796661712863,0.445,0.359,1,"6","C9orf16"
"COPE2",0.000882120961868571,0.433204789295726,0.516,0.433,1,"6","COPE"
"HNRNPM1",0.000897977765345059,0.629218318644272,0.4,0.307,1,"6","HNRNPM"
"VAMP2",0.000911396966351896,0.545649643604366,0.529,0.451,1,"6","VAMP2"
"GYPC2",0.000915845407237992,0.667280418037318,0.387,0.287,1,"6","GYPC"
"TAPSAR1",0.000927135333073092,0.788172907064717,0.316,0.228,1,"6","TAPSAR1"
"C1orf1622",0.00103008373319446,0.715595747291919,0.497,0.382,1,"6","C1orf162"
"FERMT3",0.00104437164350757,0.932371518797769,0.265,0.179,1,"6","FERMT3"
"IL10RA2",0.00104883252324095,0.713837930959849,0.297,0.207,1,"6","IL10RA"
"TMEM160",0.00115105049322262,0.871942317327886,0.271,0.184,1,"6","TMEM160"
"ATP5J22",0.00126897442681706,0.57002328437836,0.4,0.32,1,"6","ATP5J2"
"CDKN2D1",0.00137294275251088,0.666235137560876,0.31,0.216,1,"6","CDKN2D"
"PTPRC2",0.00141326546058052,0.440625060090972,0.523,0.451,1,"6","PTPRC"
"RBM3",0.00148421937007903,0.821141576866758,0.684,0.641,1,"6","RBM3"
"TPM31",0.00152188566949829,0.484919804117994,0.529,0.472,1,"6","TPM3"
"CHMP51",0.00169344172020547,0.949633888124473,0.297,0.217,1,"6","CHMP5"
"SRP9",0.00174200918009015,0.543718090836315,0.4,0.327,1,"6","SRP9"
"POLR2L1",0.00177790357602658,0.596913240552544,0.426,0.354,1,"6","POLR2L"
"SUB11",0.00188805820565374,0.767445443930874,0.374,0.297,1,"6","SUB1"
"RHOA2",0.00189414261819643,0.352301676414626,0.645,0.563,1,"6","RHOA"
"BANF1",0.00202342334409789,0.711276551702339,0.323,0.24,1,"6","BANF1"
"MYO1G1",0.00237687479227167,0.743097449057081,0.31,0.23,1,"6","MYO1G"
"RBCK11",0.00240232964850318,0.536855371746947,0.29,0.203,1,"6","RBCK1"
"GLRX2",0.00291259088593221,0.495104375283981,0.432,0.373,1,"6","GLRX"
"PGAM12",0.00294420214175384,0.781408827984225,0.31,0.232,1,"6","PGAM1"
"GADD45B1",0.00310166588779315,0.866106954873979,0.31,0.232,1,"6","GADD45B"
"HNRNPF1",0.00313450014952354,0.429986928530675,0.452,0.377,1,"6","HNRNPF"
"MDH2",0.00321445559182343,0.563767694095085,0.368,0.294,1,"6","MDH2"
"PSMB72",0.00364860458467731,0.590587973104511,0.381,0.311,1,"6","PSMB7"
"HNRNPK2",0.00381280883261281,0.369211157577965,0.555,0.494,1,"6","HNRNPK"
"SLC25A31",0.00422130082698846,0.461571265612174,0.574,0.523,1,"6","SLC25A3"
"IDH21",0.00475018888648759,0.653013848281593,0.252,0.18,1,"6","IDH2"
"DNAJA1",0.00477804628067768,1.12716158267791,0.361,0.292,1,"6","DNAJA1"
"MDH11",0.00479527195282592,0.700608153997003,0.31,0.232,1,"6","MDH1"
"SKP11",0.00483993663674798,0.344448433123439,0.516,0.464,1,"6","SKP1"
"TMBIM4.11",0.00491074979560024,0.368125318786301,0.361,0.287,1,"6","TMBIM4.1"
"ICAM31",0.00503312506099141,0.398677125146164,0.484,0.419,1,"6","ICAM3"
"FAM96B",0.00503406682923013,1.33809880076896,0.329,0.259,1,"6","FAM96B"
"SRSF11",0.00520565586175858,0.609362017145456,0.316,0.242,1,"6","SRSF11"
"DECR11",0.005442285605747,0.648003414736089,0.252,0.182,1,"6","DECR1"
"PSMA72",0.00547331127702355,0.880666701477073,0.619,0.56,1,"6","PSMA7"
"IFI352",0.00555793082775979,0.698828758176084,0.252,0.177,1,"6","IFI35"
"CEBPD2",0.00560116266705823,0.375680648607292,0.31,0.219,1,"6","CEBPD"
"PSMA2.1",0.00573525425907651,0.457897402712702,0.31,0.228,1,"6","PSMA2.1"
"SEC11A2",0.0058326217333855,0.46377219506453,0.4,0.326,1,"6","SEC11A"
"UBE2L63",0.00593382695463385,0.406179922206489,0.413,0.342,1,"6","UBE2L6"
"SNRPB1",0.00596217399673016,0.501040272550774,0.406,0.344,1,"6","SNRPB"
"EID1",0.0060018138802973,0.556557680942555,0.497,0.428,1,"6","EID1"
"MPHOSPH8",0.00612902793978543,0.671810998176672,0.284,0.21,1,"6","MPHOSPH8"
"ZNF207",0.00620660403035789,0.716634178957712,0.252,0.179,1,"6","ZNF207"
"NDUFA14",0.0064344001810368,0.538075387594138,0.4,0.329,1,"6","NDUFA1"
"CSK1",0.00679458426686219,1.22672467269988,0.284,0.216,1,"6","CSK"
"RPS19BP1",0.00690364347012662,1.46385165181491,0.31,0.241,1,"6","RPS19BP1"
"NDUFS81",0.00718814328872641,1.2103468117912,0.31,0.235,1,"6","NDUFS8"
"MRPL51",0.00748943864193108,0.687156255899594,0.265,0.2,1,"6","MRPL51"
"CORO1A1",0.00750128133948724,0.315559704229386,0.813,0.806,1,"6","CORO1A"
"MRPL341",0.00761008405946795,0.711284650946439,0.258,0.191,1,"6","MRPL34"
"ARHGEF11",0.00778352861815668,0.812722937113898,0.297,0.236,1,"6","ARHGEF1"
"ECH1",0.00779140794002386,0.584689266443995,0.335,0.265,1,"6","ECH1"
"PSMD41",0.00803720943498099,0.598194443571864,0.342,0.282,1,"6","PSMD4"
"COX6A11",0.0083731050617657,0.576600610467754,0.51,0.479,1,"6","COX6A1"
"ICAM21",0.00852651286789174,0.972114827763648,0.297,0.236,1,"6","ICAM2"
"C20orf242",0.00860993292457901,0.389539586252703,0.381,0.305,1,"6","C20orf24"
"ARHGDIA1",0.00863669549427937,0.725595152485085,0.355,0.285,1,"6","ARHGDIA"
"SEPT6",0.00886266990231666,0.665064751004211,0.277,0.204,1,"6","SEPT6"
"MBNL1",0.00916003099816387,0.650014247268668,0.284,0.214,1,"6","MBNL1"
"CIB11",0.00918280118557591,0.494613902711318,0.452,0.409,1,"6","CIB1"
"EIF4H",0.00919463925340391,0.648793351204607,0.29,0.227,1,"6","EIF4H"
"H3F3A2",0.00991274589054592,0.330898596075313,0.465,0.381,1,"6","H3F3A"
"FCER1A",0,7.63383316110409,0.812,0.011,0,"7","FCER1A"
"HLA-DQA11",0,3.16191877171213,0.969,0.209,0,"7","HLA-DQA1"
"HLA-DQA21",0,3.23016037032878,0.844,0.116,0,"7","HLA-DQA2"
"HLA-DMA2",0,2.01428229702256,0.969,0.257,0,"7","HLA-DMA"
"CPVL2",0,2.87842486992003,0.812,0.107,0,"7","CPVL"
"GRN2",0,1.74516646430618,0.938,0.234,0,"7","GRN"
"HLA-DQB11",0,2.85368997136439,0.906,0.233,0,"7","HLA-DQB1"
"CLEC10A",0,6.06809925702989,0.688,0.015,0,"7","CLEC10A"
"HLA-DMB2",0,1.86411333186243,0.844,0.173,0,"7","HLA-DMB"
"HLA-DRB53",0,2.687065871334,1,0.343,0,"7","HLA-DRB5"
"CTSH2",0,1.76138132195807,0.781,0.17,0,"7","CTSH"
"CST32",0,2.61826212511767,1,0.391,0,"7","CST3"
"LAP32",0,1.80206529273427,0.75,0.148,0,"7","LAP3"
"RNASE61",0,2.24684431699374,0.688,0.094,0,"7","RNASE6"
"CD331",0,2.73332425597622,0.625,0.067,0,"7","CD33"
"ALDH21",0,3.48327437272728,0.656,0.105,0,"7","ALDH2"
"HLA-DRB13",0,2.77483867441986,1,0.453,0,"7","HLA-DRB1"
"CD1C",0,4.76187347525291,0.562,0.02,0,"7","CD1C"
"KLF42",0,2.22263087419814,0.656,0.114,0,"7","KLF4"
"PHACTR1",0,2.75490963831231,0.562,0.04,0,"7","PHACTR1"
"HLA-DPA13",0,2.76482399128002,1,0.487,0,"7","HLA-DPA1"
"SERPINF1",0,8.02657338957981,0.5,0.002,0,"7","SERPINF1"
"IGSF62",0,1.88547836836761,0.594,0.103,0,"7","IGSF6"
"PLD4",0,3.82177154959411,0.531,0.041,0,"7","PLD4"
"SYK",0,1.88381705752459,0.562,0.075,0,"7","SYK"
"HLA-DPB13",0,2.99012580431383,1,0.513,0,"7","HLA-DPB1"
"IL1B1",0,2.34633476644501,0.531,0.074,0,"7","IL1B"
"GSN",0,3.03318681410074,0.5,0.045,0,"7","GSN"
"CD1D",0,2.61228898690838,0.5,0.05,0,"7","CD1D"
"HLA-DQB2",0,3.35938409780338,0.469,0.021,0,"7","HLA-DQB2"
"HLA-DRA3",0,2.59095905868526,1,0.555,0,"7","HLA-DRA"
"CD302",0,3.21570324114331,0.5,0.06,0,"7","CD302"
"YIF1B",0,2.21825340057303,0.5,0.065,0,"7","YIF1B"
"ENHO",0,6.1066501405117,0.438,0.005,0,"7","ENHO"
"RPS6KA4",0,2.85451137040642,0.469,0.038,0,"7","RPS6KA4"
"CCDC88A",0,2.95017210880062,0.406,0.026,0,"7","CCDC88A"
"SULF2",0,3.24307888913727,0.406,0.033,0,"7","SULF2"
"CACNA2D3",0,3.9188690215169,0.375,0.014,0,"7","CACNA2D3"
"ZNF385A",0,2.53721275214099,0.406,0.046,0,"7","ZNF385A"
"LILRB41",0,3.07517651928631,0.406,0.048,0,"7","LILRB4"
"CCDC50",0,2.80631528677754,0.406,0.051,0,"7","CCDC50"
"BASP1",0,3.42911296740788,0.375,0.02,0,"7","BASP1"
"SEMA4A",0,2.64816486029811,0.375,0.035,0,"7","SEMA4A"
"HAVCR21",0,1.63269089964019,0.375,0.042,0,"7","HAVCR2"
"NDRG2",0,3.69147567287428,0.344,0.017,0,"7","NDRG2"
"CSF2RA",0,2.70504189202961,0.344,0.029,0,"7","CSF2RA"
"C12orf45",0,1.68092763716905,0.344,0.036,0,"7","C12orf45"
"BLNK",0,1.66330704659704,0.344,0.037,0,"7","BLNK"
"LMO2",0,3.32048004791244,0.312,0.022,0,"7","LMO2"
"SPATS2L",0,2.74678381700849,0.312,0.026,0,"7","SPATS2L"
"TRIM33",0,2.1764899441566,0.312,0.03,0,"7","TRIM33"
"CLIC2",0,6.61558180709761,0.281,0.002,0,"7","CLIC2"
"UPK3A",0,4.40066499301121,0.281,0.009,0,"7","UPK3A"
"LGMN",0,3.98036823280328,0.281,0.011,0,"7","LGMN"
"HLA-DOA",0,2.88380505716656,0.281,0.016,0,"7","HLA-DOA"
"PPP1R14A",0,2.2709586469571,0.281,0.019,0,"7","PPP1R14A"
"GNA15",0,2.93069389424577,0.281,0.021,0,"7","GNA15"
"PON2",0,4.06310990027861,0.25,0.009,0,"7","PON2"
"P2RY13",0,3.99818092077218,0.25,0.015,0,"7","P2RY13"
"MYCL",0,3.50033444599538,0.25,0.016,0,"7","MYCL"
"PPP1R14B",0,3.88941065292184,0.25,0.017,0,"7","PPP1R14B"
"C10orf128",0,2.71386172430337,0.25,0.019,0,"7","C10orf128"
"CD741",0,2.34547450841297,1,0.842,0,"7","CD74"
"CAPG2",2.22044604925031e-16,1.90286877551704,0.875,0.225,3.04511971194188e-12,"7","CAPG"
"STK38L",4.44089209850063e-16,2.5479318370982,0.25,0.022,6.09023942388376e-12,"7","STK38L"
"RNF1302",6.66133814775094e-16,1.67278086596203,0.781,0.173,9.13535913582564e-12,"7","RNF130"
"ARF3",6.66133814775094e-16,1.72694818363264,0.531,0.086,9.13535913582564e-12,"7","ARF3"
"ID1",8.88178419700125e-16,2.75926012977775,0.406,0.058,1.21804788477675e-11,"7","ID1"
"AP1S22",1.33226762955019e-15,1.73263833701255,0.938,0.29,1.82707182716513e-11,"7","AP1S2"
"SPINT2",1.77635683940025e-15,1.90383955228331,0.688,0.149,2.4360957695535e-11,"7","SPINT2"
"RGS1",1.77635683940025e-15,1.62844061945565,0.562,0.099,2.4360957695535e-11,"7","RGS1"
"FAM105A",5.10702591327572e-15,2.10989353646244,0.406,0.057,7.00377533746632e-11,"7","FAM105A"
"VCL",9.76996261670138e-15,2.10179885418613,0.312,0.036,1.33985267325443e-10,"7","VCL"
"LGALS21",1.55431223447522e-14,1.28117970113377,0.812,0.206,2.13158379835932e-10,"7","LGALS2"
"TPM4",7.32747196252603e-14,1.17650522388283,0.625,0.124,1.00488950494082e-09,"7","TPM4"
"TNFAIP2",7.32747196252603e-14,1.68448964674808,0.406,0.061,1.00488950494082e-09,"7","TNFAIP2"
"MGST2",7.39408534400354e-14,2.37931656336548,0.281,0.032,1.01402486407665e-09,"7","MGST2"
"H2AFY2",7.50510764646606e-14,1.35621954786455,0.938,0.29,1.02925046263636e-09,"7","H2AFY"
"LY862",8.79296635503124e-14,1.59439274614429,0.75,0.185,1.20586740592898e-09,"7","LY86"
"FABP5",1.03028696685215e-13,2.78287456399961,0.281,0.033,1.41293554634103e-09,"7","FABP5"
"UBL7",2.33146835171283e-13,1.51242297413274,0.5,0.087,3.19737569753897e-09,"7","UBL7"
"DDAH2",2.46913600676635e-13,2.1689531245006,0.406,0.065,3.38617311967937e-09,"7","DDAH2"
"TGFBI2",2.88880031007466e-13,1.76031884373469,0.531,0.102,3.96170074523639e-09,"7","TGFBI"
"IFI302",4.05009359383257e-13,1.31765706487099,0.688,0.159,5.55429835458199e-09,"7","IFI30"
"GPX11",5.15365528030998e-13,1.43635482759665,1,0.416,7.0677228514171e-09,"7","GPX1"
"FDFT1",5.26467758277249e-13,1.61470364518828,0.594,0.122,7.2199788370142e-09,"7","FDFT1"
"FUOM",5.6710192097853e-13,2.08881412455398,0.406,0.065,7.77723574429956e-09,"7","FUOM"
"IGFLR1",9.31033028450656e-13,1.53148530706645,0.438,0.073,1.27681869521723e-08,"7","IGFLR1"
"LSP13",1.02717834238319e-12,1.25562906684502,1,0.541,1.40867237874431e-08,"7","LSP1"
"MNDA2",1.46394008027073e-12,1.71594522500811,0.562,0.121,2.00764742608328e-08,"7","MNDA"
"PTPRE",1.67710290099876e-12,1.53065634639625,0.469,0.084,2.2999789184297e-08,"7","PTPRE"
"FCGRT2",1.78879133727605e-12,1.3019884610842,0.812,0.226,2.45314843994038e-08,"7","FCGRT"
"GSTP11",4.01723099230367e-12,1.55249498268218,1,0.453,5.50923058284525e-08,"7","GSTP1"
"SPI12",6.75637323865885e-12,1.25424909205636,0.781,0.207,9.26569025949675e-08,"7","SPI1"
"TAF10",6.89026613542865e-12,1.26488739922168,0.312,0.044,9.44931097812685e-08,"7","TAF10"
"RAB22A",7.68896057934398e-12,1.74672314676917,0.312,0.043,1.05446405385123e-07,"7","RAB22A"
"NME1-NME2",9.21529519359865e-12,1.47463292163257,0.375,0.059,1.26378558285012e-07,"7","NME1-NME2"
"LYZ1",9.49063050370569e-12,1.73944611475347,0.969,0.6,1.3015450672782e-07,"7","LYZ"
"CFP2",9.83857439962321e-12,1.9598820496213,0.75,0.201,1.34926209316433e-07,"7","CFP"
"SCAMP4",1.00188746188223e-11,1.88124113015302,0.281,0.036,1.3739884652253e-07,"7","SCAMP4"
"CD861",1.21400667296712e-11,1.85392716554587,0.344,0.053,1.6648887513071e-07,"7","CD86"
"KLF10",1.36726185928637e-11,2.29274449431821,0.281,0.038,1.87506291382533e-07,"7","KLF10"
"HSH2D",1.83171255940806e-11,1.25722144872082,0.438,0.079,2.51201060397221e-07,"7","HSH2D"
"SAMHD12",1.90834015256769e-11,1.32652161224016,0.812,0.236,2.61709768523133e-07,"7","SAMHD1"
"TPP1",1.93836058315355e-11,1.58584248356658,0.469,0.09,2.65826770373678e-07,"7","TPP1"
"BID2",2.02575733965205e-11,1.20918112766433,0.75,0.2,2.77812361559882e-07,"7","BID"
"LGALS92",2.18143281216499e-11,1.31534617986722,0.688,0.169,2.99161695860306e-07,"7","LGALS9"
"REPIN1",2.63025157209995e-11,1.72555561708605,0.344,0.054,3.60712700597787e-07,"7","REPIN1"
"ANXA22",3.33084670955941e-11,1.50757553371825,0.938,0.431,4.56792317748977e-07,"7","ANXA2"
"ERCC11",4.32598401545192e-11,1.43540477929305,0.531,0.114,5.93265447879077e-07,"7","ERCC1"
"VIM2",5.4189763787349e-11,1.3871897520351,1,0.799,7.43158420579704e-07,"7","VIM"
"NECAP1",5.6449511731671e-11,1.62373610663253,0.312,0.046,7.74148603888136e-07,"7","NECAP1"
"BZW2",6.36235508721938e-11,1.50694237670156,0.438,0.081,8.72533376661266e-07,"7","BZW2"
"POMP1",6.72641942145447e-11,1.43215489444456,0.625,0.151,9.22461159458265e-07,"7","POMP"
"ITM2C",7.09661218678548e-11,2.73280479283762,0.344,0.058,9.7322939529576e-07,"7","ITM2C"
"AMICA12",7.71287478329441e-11,1.58009304975474,0.781,0.257,1.057743647781e-06,"7","AMICA1"
"CLEC4A",7.80460140958894e-11,1.86819280886613,0.25,0.032,1.07032303731103e-06,"7","CLEC4A"
"KPNA2",8.73972005877022e-11,2.1889422029669,0.281,0.04,1.19856520885975e-06,"7","KPNA2"
"APOBR",8.94133656004215e-11,1.7947192564306,0.281,0.04,1.22621489584418e-06,"7","APOBR"
"PAK11",1.86613835495564e-10,1.97223572131904,0.312,0.05,2.55922213998616e-06,"7","PAK1"
"NAGK2",3.14903436660074e-10,1.30167118019332,0.531,0.119,4.31858573035626e-06,"7","NAGK"
"PLSCR12",3.26998206290341e-10,1.45402042930206,0.562,0.136,4.48445340106574e-06,"7","PLSCR1"
"EIF4EBP12",3.30973470852314e-10,1.18196230096957,0.531,0.119,4.53897017926863e-06,"7","EIF4EBP1"
"CPSF6",5.23209031655369e-10,1.16371116949045,0.406,0.077,7.17528866012174e-06,"7","CPSF6"
"KIAA0930",7.82686360167872e-10,1.73419014696496,0.25,0.035,1.07337607433422e-05,"7","KIAA0930"
"MBOAT7",7.85830955862821e-10,1.64582848379135,0.312,0.052,1.07768857287027e-05,"7","MBOAT7"
"BHLHE40",9.23868093138935e-10,2.1642330857298,0.312,0.053,1.26699270293074e-05,"7","BHLHE40"
"AP2S12",9.26854148985967e-10,1.10224091731313,0.906,0.347,1.27108777991936e-05,"7","AP2S1"
"ACAA11",9.91673410055682e-10,1.20828337154799,0.562,0.134,1.35998091455036e-05,"7","ACAA1"
"LGALS12",1.02586361627743e-09,1.31352050534073,0.938,0.471,1.40686936336287e-05,"7","LGALS1"
"UNC93B11",1.07419495520844e-09,1.47661985038295,0.406,0.081,1.47315096157286e-05,"7","UNC93B1"
"GABARAP2",1.1837673064008e-09,1.10778752768652,1,0.483,1.62341848399805e-05,"7","GABARAP"
"TUBA1B1",1.18446341623724e-09,1.44289173492562,0.906,0.426,1.62437312902775e-05,"7","TUBA1B"
"FES",1.3891336969607e-09,1.76214982788874,0.281,0.044,1.9050579520119e-05,"7","FES"
"CYSTM1",1.72479919235968e-09,1.52505711214154,0.312,0.053,2.36538961240207e-05,"7","CYSTM1"
"MS4A6A1",1.83147652599303e-09,1.23008840441449,0.562,0.153,2.51168690774684e-05,"7","MS4A6A"
"CD300C1",1.87606552515263e-09,1.9268383245551,0.281,0.045,2.57283626119431e-05,"7","CD300C"
"IDH3A",1.93492311062471e-09,1.54106599528745,0.281,0.044,2.65355355391073e-05,"7","IDH3A"
"FUT7",2.39406094948436e-09,1.81552049703522,0.25,0.037,3.28321518612285e-05,"7","FUT7"
"CTSZ2",2.40764608250288e-09,1.52231739094356,0.469,0.108,3.30184583754445e-05,"7","CTSZ"
"RASSF4",2.49118414785698e-09,1.76328941639615,0.281,0.045,3.41640994037107e-05,"7","RASSF4"
"HEXA",2.94029156577835e-09,1.3029923776434,0.438,0.094,4.03231585330843e-05,"7","HEXA"
"C17orf49",3.18633697204973e-09,1.46257082646479,0.438,0.096,4.369742523469e-05,"7","C17orf49"
"TYMP2",3.23510329636179e-09,1.11242736678626,0.938,0.342,4.43662066063055e-05,"7","TYMP"
"NDUFV3",3.26605609224373e-09,1.3344358535765,0.375,0.073,4.47906932490305e-05,"7","NDUFV3"
"RNH12",3.28148974659825e-09,1.39110416851445,0.781,0.302,4.50023503848485e-05,"7","RNH1"
"PRDX31",4.03446942520702e-09,1.0161607018176,0.531,0.13,5.53287136972891e-05,"7","PRDX3"
"SLC35B1",4.28309099298474e-09,1.59433193800214,0.344,0.065,5.87383098777927e-05,"7","SLC35B1"
"FCER1G3",4.61630400572233e-09,0.712152611724505,0.969,0.351,6.3307993134476e-05,"7","FCER1G"
"TOP1",5.21662979480197e-09,1.12421823899843,0.344,0.064,7.15408610059143e-05,"7","TOP1"
"ARPC1B2",5.36073385681846e-09,0.8341246497607,1,0.745,7.35171041124083e-05,"7","ARPC1B"
"MLEC",5.6581248575327e-09,1.54636113247889,0.312,0.056,7.75955242962034e-05,"7","MLEC"
"PER1",5.69142133421963e-09,1.62715894119686,0.281,0.046,7.8052152177488e-05,"7","PER1"
"SPIB",5.86206239105991e-09,1.68403052092285,0.25,0.038,8.03923236309956e-05,"7","SPIB"
"ACTB3",6.47310138823798e-09,0.813988965157592,1,0.993,8.87721124382956e-05,"7","ACTB"
"UBE2E2",6.83221790254152e-09,1.89186097236869,0.25,0.039,9.36970363154543e-05,"7","UBE2E2"
"CRTAP",7.04585434441185e-09,0.964859312777043,0.375,0.074,9.66268464792641e-05,"7","CRTAP"
"NIPSNAP3A",7.35566407783494e-09,1.55254852396014,0.344,0.066,0.000100875577163428,"7","NIPSNAP3A"
"RAC12",8.06940403386136e-09,0.984379621802615,0.969,0.434,0.000110663806920375,"7","RAC1"
"MAGEF1",9.05695274333596e-09,1.74004209528932,0.312,0.057,0.000124207049922109,"7","MAGEF1"
"AKR1A11",1.00697670202265e-08,1.08439517197558,0.562,0.144,0.000138096784915387,"7","AKR1A1"
"PLEKHO11",1.0492991142641e-08,1.50711672245658,0.375,0.078,0.000143900880530179,"7","PLEKHO1"
"EIF4A12",1.07443933750062e-08,0.889950301891056,1,0.681,0.000147348610744835,"7","EIF4A1"
"NOC4L",1.2105271451901e-08,1.37630185101649,0.25,0.039,0.00016601169269137,"7","NOC4L"
"TNFSF13B2",1.42711562567399e-08,1.31830479414826,0.562,0.157,0.000195714636904931,"7","TNFSF13B"
"AKIRIN21",1.42883727072274e-08,1.34478927761595,0.5,0.125,0.000195950743306916,"7","AKIRIN2"
"GNL2",1.43839931077139e-08,1.50355579583014,0.281,0.048,0.000197262081479188,"7","GNL2"
"TMEM69",1.44413614400207e-08,1.49040138339302,0.281,0.048,0.000198048830788444,"7","TMEM69"
"TAGLN2",1.72735652448353e-08,1.09776391799058,1,0.506,0.000236889673767671,"7","TAGLN2"
"MAP3K11",1.73869605379906e-08,1.59925092789984,0.312,0.059,0.000238444776818003,"7","MAP3K11"
"UPF3B",1.74463359314814e-08,1.25126118405207,0.344,0.068,0.000239259050964336,"7","UPF3B"
"HSCB",1.79255679189083e-08,1.55128835712185,0.281,0.049,0.000245831238439909,"7","HSCB"
"USF2",1.91458193743443e-08,0.943491418293612,0.438,0.099,0.000262565766899758,"7","USF2"
"BTK1",2.01378593800428e-08,1.10449791404326,0.375,0.079,0.000276170603537906,"7","BTK"
"YWHAE1",2.08504553622646e-08,1.11025448823338,0.531,0.138,0.000285943144838097,"7","YWHAE"
"WDR61",2.09038149012741e-08,1.21619176155165,0.469,0.111,0.000286674917556073,"7","WDR61"
"IL6R",2.26221414934002e-08,1.40280605326266,0.312,0.058,0.000310240048440491,"7","IL6R"
"TMEM55A",2.64124615512173e-08,1.06664426577442,0.281,0.05,0.000362220497713395,"7","TMEM55A"
"TOMM40",2.68267394964994e-08,1.0272049838112,0.312,0.058,0.000367901905454993,"7","TOMM40"
"CMPK2",2.87912516050426e-08,1.30829234843173,0.312,0.059,0.000394843224511554,"7","CMPK2"
"PPP3R1",3.07617722405951e-08,1.44393906362219,0.281,0.05,0.000421866944507521,"7","PPP3R1"
"RAB322",3.29195668502535e-08,1.49503871326254,0.375,0.083,0.000451458939784377,"7","RAB32"
"ANXA52",3.32229650457094e-08,1.06412091176996,0.812,0.302,0.000455619742636859,"7","ANXA5"
"GNB11",3.35855905309046e-08,1.19400515023264,0.469,0.114,0.000460592788540826,"7","GNB1"
"REL",3.38278434153239e-08,1.61679700021607,0.438,0.105,0.000463915044597751,"7","REL"
"ISOC2",3.61002421289669e-08,1.10852839559436,0.312,0.059,0.000495078720556652,"7","ISOC2"
"CTNNBIP1",3.89377470266794e-08,0.988537321855026,0.312,0.06,0.000533992262723881,"7","CTNNBIP1"
"LST12",3.99192097155776e-08,0.445685915460825,0.906,0.35,0.000547452042039431,"7","LST1"
"ARF52",4.26239417095076e-08,1.1390674463097,0.812,0.292,0.000584544736604187,"7","ARF5"
"SRGN3",5.33896138410483e-08,1.15175888136021,0.969,0.594,0.000732185164216137,"7","SRGN"
"FKBP3",5.65770228444507e-08,2.36057393097543,0.438,0.104,0.000775897291288796,"7","FKBP3"
"PYCARD2",5.67316045252397e-08,0.901903334160108,0.906,0.365,0.000778017224459138,"7","PYCARD"
"OS91",5.86038995109561e-08,1.35762050076217,0.5,0.132,0.000803693877893252,"7","OS9"
"MICAL1",6.1054628686108e-08,1.87476287743985,0.281,0.053,0.000837303177801285,"7","MICAL1"
"AAMP",6.23363720642089e-08,0.809298628387354,0.469,0.113,0.000854881006488561,"7","AAMP"
"FBXO6",6.26360199262876e-08,1.88090989829808,0.281,0.052,0.000858990377269109,"7","FBXO6"
"EMC8",6.31718133359271e-08,1.35681017700069,0.344,0.072,0.000866338248088905,"7","EMC8"
"SF3B4",6.47024989142153e-08,1.23433348844024,0.375,0.082,0.000887330070109549,"7","SF3B4"
"CD831",6.76599016813384e-08,1.25932200610388,0.344,0.072,0.000927887891657875,"7","CD83"
"RGS22",7.1556746084056e-08,1.10032698494974,0.75,0.272,0.000981329215796745,"7","RGS2"
"TYROBP3",7.20535884290996e-08,0.604608674458889,1,0.39,0.000988142911716672,"7","TYROBP"
"USP33",8.13835605573132e-08,1.56180627816351,0.25,0.043,0.00111609414948299,"7","USP33"
"FAM46A1",8.42891718644267e-08,1.59607441423604,0.312,0.063,0.00115594170294875,"7","FAM46A"
"RAD50",8.58523350188989e-08,1.2696258474464,0.281,0.052,0.00117737892244918,"7","RAD50"
"PLBD11",8.8474360060431e-08,0.929711015735337,0.375,0.084,0.00121333737386875,"7","PLBD1"
"C16orf13",9.77884575537047e-08,0.533983350132728,0.625,0.173,0.00134107090689151,"7","C16orf13"
"COA5",1.1034849167757e-07,1.27846253652734,0.312,0.063,0.00151331921486619,"7","COA5"
"CYC12",1.17744129557451e-07,1.09104026207546,0.625,0.189,0.00161474299275088,"7","CYC1"
"ATP2B11",1.1882858985679e-07,1.19820334272233,0.406,0.096,0.00162961528129602,"7","ATP2B1"
"LAMTOR11",1.20735372588499e-07,0.80503559556439,0.875,0.338,0.00165576489967867,"7","LAMTOR1"
"FIBP2",1.20913441481463e-07,0.901821448288473,0.594,0.167,0.00165820693647678,"7","FIBP"
"MAP7D1",1.21050012236168e-07,1.2528759066213,0.344,0.074,0.00166007986780681,"7","MAP7D1"
"IRF81",1.28811325605938e-07,2.12105579835972,0.406,0.107,0.00176651851935983,"7","IRF8"
"DNAJB121",1.33454370665476e-07,1.27692916670859,0.281,0.053,0.00183019323930633,"7","DNAJB12"
"ACTG14",1.34696474640705e-07,0.750182855873579,1,0.862,0.00184722745322263,"7","ACTG1"
"CFDP1",1.38466668353487e-07,1.51296070826215,0.406,0.103,0.00189893188979973,"7","CFDP1"
"NCF22",1.38522087578252e-07,0.761150815314291,0.594,0.171,0.00189969190904815,"7","NCF2"
"CD721",1.39831501266841e-07,0.446922811004766,0.25,0.043,0.00191764920837345,"7","CD72"
"EI24",1.45222590175464e-07,1.30627843783358,0.344,0.074,0.00199158260166632,"7","EI24"
"DUSP23",1.47435321729006e-07,2.15250315253468,0.406,0.098,0.00202192800219159,"7","DUSP23"
"CDKN1A",1.606728323722e-07,1.84643422020686,0.312,0.068,0.00220346722315234,"7","CDKN1A"
"APIP",1.86942374913457e-07,1.23332238602418,0.344,0.075,0.00256372772956315,"7","APIP"
"RABGGTA",1.92997028580777e-07,1.25378422542819,0.25,0.044,0.00264676124995677,"7","RABGGTA"
"CAT1",1.9386713034919e-07,2.19980896107714,0.469,0.136,0.00265869382560879,"7","CAT"
"PGLS2",1.96281493725081e-07,1.01498636525032,0.812,0.292,0.00269180440494576,"7","PGLS"
"HAUS1",1.97869317597466e-07,1.19073499187403,0.312,0.064,0.00271357982153164,"7","HAUS1"
"ARMC10",2.13289695905061e-07,1.32553039165881,0.312,0.064,0.00292505488964201,"7","ARMC10"
"LTV1",2.30904057429981e-07,0.908911357005054,0.281,0.054,0.00316661824359477,"7","LTV1"
"PSMG3",2.31290300467535e-07,1.30350294360007,0.312,0.065,0.00317191518061177,"7","PSMG3"
"APEX1",2.40903612169774e-07,1.15226619713541,0.688,0.234,0.00330375213729628,"7","APEX1"
"STX18",2.74354732932025e-07,0.883699306097143,0.25,0.045,0.00376250080742979,"7","STX18"
"NME1",3.00600978109244e-07,1.14323039884543,0.312,0.065,0.00412244181379018,"7","NME1"
"CCDC22",3.14279910762494e-07,1.3433492879503,0.25,0.046,0.00431003469619684,"7","CCDC22"
"ILF3",3.20692681521351e-07,0.908663602418764,0.375,0.088,0.0043979794343838,"7","ILF3"
"SUMO3",3.28046557918071e-07,0.738786715311751,0.656,0.207,0.00449883049528843,"7","SUMO3"
"COTL12",3.31984154167131e-07,0.888989905572807,0.938,0.626,0.00455283069024803,"7","COTL1"
"TMEM55B",3.54149056303044e-07,1.08685893186455,0.312,0.065,0.00485680015813994,"7","TMEM55B"
"THRAP3",3.74589295359939e-07,0.881831570697937,0.438,0.11,0.00513711759656621,"7","THRAP3"
"MAP4K1",3.76386896538961e-07,1.33444616310285,0.312,0.067,0.0051617698991353,"7","MAP4K1"
"SCIMP1",3.83742047915803e-07,1.32321301955429,0.344,0.078,0.00526263844511732,"7","SCIMP"
"PQBP1",4.25418012151013e-07,0.685536539951348,0.531,0.155,0.00583418261863899,"7","PQBP1"
"MPST",4.27625185928093e-07,1.34031082502987,0.281,0.057,0.00586445179981787,"7","MPST"
"FGR3",4.33342154160243e-07,0.915894353858333,0.656,0.211,0.00594285430215358,"7","FGR"
"EPSTI12",4.59750627568312e-07,1.18471742453268,0.562,0.178,0.00630502010647183,"7","EPSTI1"
"LMNA",4.61992790468102e-07,2.40780001866475,0.281,0.061,0.00633576912847955,"7","LMNA"
"CSF1R1",4.89778694268139e-07,1.50853515838455,0.312,0.069,0.00671682501319326,"7","CSF1R"
"OGFOD3",5.39119321629755e-07,1.15775963267401,0.25,0.046,0.00739348237683046,"7","OGFOD3"
"RAB7A2",5.80457729659756e-07,0.852813728973549,0.812,0.307,0.00796039730455389,"7","RAB7A"
"RRAGC",5.94434340639438e-07,0.645105824478165,0.281,0.057,0.00815207254752925,"7","RRAGC"
"MFSD1",6.32143402512497e-07,1.50494841895795,0.281,0.058,0.00866921462205639,"7","MFSD1"
"ATP5J23",6.73095497116805e-07,0.820640672340077,0.844,0.318,0.00923083164745986,"7","ATP5J2"
"GAPDH1",6.7521374624846e-07,0.760042536729859,1,0.849,0.00925988131605138,"7","GAPDH"
"CNPY32",6.78630523109902e-07,1.12971616665683,0.688,0.274,0.0093067389939292,"7","CNPY3"
"GLTP",7.06302832442773e-07,1.43219999784623,0.25,0.048,0.00968623704412019,"7","GLTP"
"HERPUD12",7.09318470182296e-07,1.40362744746486,0.625,0.207,0.00972759350008001,"7","HERPUD1"
"RBM42",7.21516671964295e-07,1.24779278548673,0.344,0.081,0.00989487963931834,"7","RBM42"
"PMAIP11",7.27109714659946e-07,0.860171802428654,0.469,0.129,0.0099715826268465,"7","PMAIP1"
"C17orf62",7.41028282291722e-07,0.61723396993086,0.531,0.151,0.0101624618633487,"7","C17orf62"
"NAPA1",7.84637201656224e-07,0.945070180409795,0.469,0.127,0.0107605145835135,"7","NAPA"
"CSTB2",8.20579158844481e-07,1.04912866781548,0.844,0.365,0.0112534225843932,"7","CSTB"
"NRROS",8.29688422854247e-07,1.38253367491682,0.281,0.059,0.0113783470310231,"7","NRROS"
"DNAJC4",8.84124234268313e-07,1.0663765485709,0.438,0.117,0.0121248797487556,"7","DNAJC4"
"APH1A",8.85832605712622e-07,0.722414688386019,0.656,0.198,0.0121483083547429,"7","APH1A"
"HEBP2",9.0047485290512e-07,1.78731854782221,0.281,0.06,0.0123491121327408,"7","HEBP2"
"AIF12",9.24588086981259e-07,0.299859078682132,0.906,0.368,0.012679801024861,"7","AIF1"
"EIF4E22",9.25835177856271e-07,0.722248937190985,0.531,0.152,0.0126969036291209,"7","EIF4E2"
"ATG32",9.44644409361928e-07,1.01176716384927,0.625,0.208,0.0129548534299895,"7","ATG3"
"UCHL3",9.62317879160679e-07,1.63141841753749,0.312,0.072,0.0131972273948096,"7","UCHL3"
"PPT12",9.83800175324845e-07,1.4167849002053,0.562,0.188,0.0134918356044049,"7","PPT1"
"DNAJC151",1.01380665906703e-06,0.36930071895012,0.5,0.141,0.0139033445224452,"7","DNAJC15"
"SLC39A3",1.0939086363404e-06,1.75794086111711,0.281,0.06,0.0150018630387723,"7","SLC39A3"
"S100A103",1.12954009523492e-06,1.12578256664831,0.906,0.639,0.0154905128660516,"7","S100A10"
"TACC1",1.13654335165414e-06,1.13102282366182,0.312,0.071,0.0155865555245849,"7","TACC1"
"NUP210",1.18026041562302e-06,1.06913132302298,0.312,0.07,0.0161860913398542,"7","NUP210"
"HMGN31",1.27567841512466e-06,0.924158836425957,0.688,0.233,0.0174946537850196,"7","HMGN3"
"DHX29",1.30258025166086e-06,1.17466404490447,0.281,0.059,0.017863585571277,"7","DHX29"
"VAMP3",1.36609760437167e-06,1.09866544978939,0.312,0.07,0.0187346625463531,"7","VAMP3"
"CPPED12",1.38247657455182e-06,1.36167913772136,0.375,0.1,0.0189592837434036,"7","CPPED1"
"RAB31",1.42131633285025e-06,1.38441819817974,0.25,0.05,0.0194919321887084,"7","RAB31"
"C1orf1623",1.44259038670214e-06,1.71480852974776,0.781,0.384,0.0197836845632331,"7","C1orf162"
"POLD2",1.48220500872931e-06,0.877239091616789,0.281,0.059,0.0203269594897137,"7","POLD2"
"CEBPD3",1.50668441745161e-06,0.942404301795756,0.625,0.22,0.0206626701009314,"7","CEBPD"
"ODF3B2",1.51385193292164e-06,0.680427008640866,0.438,0.118,0.0207609654080874,"7","ODF3B"
"TMSB102",1.55678838664741e-06,0.478131189885609,1,0.993,0.0213497959344826,"7","TMSB10"
"EIF62",1.62322222729827e-06,1.0000822380189,0.656,0.22,0.0222608696251685,"7","EIF6"
"RNF5",1.65019609221773e-06,0.867707698582252,0.5,0.143,0.0226307892086739,"7","RNF5"
"ABI32",1.70790837050738e-06,1.02560120834186,0.531,0.173,0.0234222553931382,"7","ABI3"
"BRE",1.72148997146238e-06,0.739337717698152,0.312,0.07,0.023608513468635,"7","BRE"
"GAPT",1.74637040473158e-06,1.21804843149815,0.281,0.061,0.0239497237304889,"7","GAPT"
"DAPP1",1.80630259660752e-06,0.905542669552007,0.281,0.06,0.0247716338098756,"7","DAPP1"
"ARL4C3",1.88322614613767e-06,1.33033795069471,0.562,0.194,0.025826563368132,"7","ARL4C"
"CNDP2",1.90494462581903e-06,2.87502768012911,0.375,0.097,0.0261244105984821,"7","CNDP2"
"HNRNPD",1.93225948974529e-06,1.00532260604679,0.406,0.106,0.0264990066423669,"7","HNRNPD"
"PLIN3",1.98395149064723e-06,0.78572433149172,0.281,0.06,0.0272079107427361,"7","PLIN3"
"NDUFV1",2.04259199931833e-06,0.944737737123634,0.469,0.133,0.0280121066786516,"7","NDUFV1"
"PRELID12",2.04794961544685e-06,0.905577191263433,0.906,0.465,0.0280855810262381,"7","PRELID1"
"YIF1A",2.10402786970931e-06,1.05498597937867,0.375,0.095,0.0288546382051935,"7","YIF1A"
"MPC2",2.13534653115133e-06,0.509012296407957,0.531,0.155,0.0292841423282093,"7","MPC2"
"RAB4B",2.13673450111251e-06,0.894862277318948,0.312,0.072,0.029303176948257,"7","RAB4B"
"NDUFA8",2.15852405860417e-06,0.779686363414696,0.5,0.143,0.0296019989396976,"7","NDUFA8"
"MYL63",2.16746914327715e-06,0.552078635894392,1,0.851,0.0297246718309028,"7","MYL6"
"IFI44",2.20232477299298e-06,0.756997629531221,0.406,0.107,0.0302026819368257,"7","IFI44"
"LILRB21",2.2996403019615e-06,1.01733302575805,0.375,0.097,0.0315372671011001,"7","LILRB2"
"ACYP2",2.39412926394955e-06,1.58800192700794,0.281,0.063,0.0328330887258041,"7","ACYP2"
"RAB11A",2.45922413610877e-06,0.77399851082837,0.438,0.119,0.0337257998025957,"7","RAB11A"
"MRPL41",2.4676977474769e-06,1.06061325739592,0.5,0.153,0.0338420069088983,"7","MRPL41"
"IKBIP",2.47807642916875e-06,1.64646382331476,0.25,0.053,0.0339843401496203,"7","IKBIP"
"FAM133B",2.61623783437415e-06,0.892577365426675,0.344,0.083,0.035879085660607,"7","FAM133B"
"ETFA1",2.6170492757327e-06,0.677639731324013,0.469,0.129,0.0358902137673982,"7","ETFA"
"ATP6V1E1",2.64051533727105e-06,1.03848768587425,0.531,0.167,0.0362120273353352,"7","ATP6V1E1"
"BLVRB1",2.75795539295132e-06,0.986328836117108,0.5,0.158,0.0378226002589344,"7","BLVRB"
"LAMTOR22",2.78823138311068e-06,0.908378714656144,0.625,0.219,0.0382378051879799,"7","LAMTOR2"
"SNRPD11",3.13177588151525e-06,0.937874029127919,0.656,0.209,0.0429491744391002,"7","SNRPD1"
"CCT4",3.21203700304196e-06,0.542130649112985,0.656,0.203,0.0440498754597174,"7","CCT4"
"SMARCB1",3.26061390687471e-06,0.871707892088367,0.438,0.124,0.0447160591188798,"7","SMARCB1"
"GUSB",3.42301095002107e-06,0.660169613148284,0.344,0.086,0.0469431721685889,"7","GUSB"
"ARHGEF401",3.43116722745229e-06,1.46481066398864,0.25,0.053,0.0470550273572807,"7","ARHGEF40"
"PHPT12",3.43762516630264e-06,0.57078204880065,0.531,0.16,0.0471435915306744,"7","PHPT1"
"COMMD4",3.44403780005997e-06,0.844712011526967,0.281,0.062,0.0472315343900225,"7","COMMD4"
"ATP5B2",3.79919193638223e-06,0.947143080014989,0.844,0.401,0.0521021182155459,"7","ATP5B"
"ETNK1",3.8134134459078e-06,1.03969749280826,0.25,0.052,0.0522971519971795,"7","ETNK1"
"SNRPG",3.83616135213316e-06,0.762124973238913,0.469,0.135,0.0526091167831542,"7","SNRPG"
"DCTN6",3.87719533923025e-06,1.1936982073247,0.312,0.075,0.0531718568822037,"7","DCTN6"
"DDIT42",3.89495967634268e-06,0.677968666338615,0.656,0.217,0.0534154770013635,"7","DDIT4"
"CTSB2",4.03370022183935e-06,0.313844487910444,0.625,0.195,0.0553181648423049,"7","CTSB"
"PRKCD",4.05607676934316e-06,0.951032489658282,0.25,0.052,0.0556250368147722,"7","PRKCD"
"PTPN181",4.18727710260747e-06,1.01037682809679,0.469,0.138,0.0574243181851588,"7","PTPN18"
"FAM26F3",4.27739601249755e-06,0.842947853110696,0.625,0.224,0.0586602089153914,"7","FAM26F"
"TMED101",4.28031605137491e-06,1.00382236151279,0.562,0.186,0.0587002543285555,"7","TMED10"
"CMTM3",4.38268414959531e-06,0.917634255028413,0.5,0.153,0.06010413042755,"7","CMTM3"
"CAPNS12",4.41241065418652e-06,1.91250127256099,0.438,0.126,0.0605117997115139,"7","CAPNS1"
"PAFAH1B1",4.7048114748538e-06,0.816768797468702,0.281,0.063,0.064521784566145,"7","PAFAH1B1"
"NANS1",4.74427123720034e-06,0.88355361432013,0.406,0.112,0.0650629357469654,"7","NANS"
"CBR11",5.13242804700553e-06,1.18251223262057,0.406,0.116,0.0703861182366339,"7","CBR1"
"RPS111",5.13899203524737e-06,0.506625886817813,1,0.949,0.0704761367713824,"7","RPS11"
"YWHAH2",5.17795560539547e-06,0.70874745706787,0.594,0.193,0.0710104831723934,"7","YWHAH"
"EFHD23",5.6686256639793e-06,0.751792691693816,0.562,0.189,0.0777395323558121,"7","EFHD2"
"NAMPT1",5.74351760107561e-06,1.07032485456165,0.344,0.089,0.0787666003811509,"7","NAMPT"
"SEC13",5.77009085667157e-06,0.936301523700677,0.375,0.1,0.0791310260083939,"7","SEC13"
"PFKL1",5.92135540888883e-06,1.10437864515643,0.375,0.103,0.0812054680775014,"7","PFKL"
"MRPS25",5.92727368986523e-06,1.33793734771377,0.281,0.065,0.0812866313828118,"7","MRPS25"
"RNASET21",6.00789708893323e-06,0.874884697540615,0.938,0.494,0.0823923006776304,"7","RNASET2"
"THEMIS22",6.0390526475107e-06,0.854392267632585,0.406,0.113,0.0828195680079618,"7","THEMIS2"
"CSF3R1",6.05225480465599e-06,0.605411493758562,0.406,0.112,0.0830006223910522,"7","CSF3R"
"ADRM12",6.07082319881158e-06,0.528141702983048,0.562,0.172,0.083255269348502,"7","ADRM1"
"PPA12",6.15035704121247e-06,1.02635718085863,0.719,0.311,0.0843459964631879,"7","PPA1"
"IFITM32",6.16398442088162e-06,1.09154396363726,0.594,0.221,0.0845328823479705,"7","IFITM3"
"RAB11FIP1",6.25945693721874e-06,1.10014264108095,0.281,0.065,0.0858421924370179,"7","RAB11FIP1"
"AMPD2",6.42545132301109e-06,1.46265743934219,0.25,0.054,0.0881186394437741,"7","AMPD2"
"OSTC1",6.5286331956127e-06,0.706264950731642,0.562,0.183,0.0895336756446325,"7","OSTC"
"OXA1L1",7.15539912721219e-06,0.810970875932553,0.594,0.199,0.098129143630588,"7","OXA1L"
"APPL1",7.35129275719615e-06,1.39684018548496,0.25,0.055,0.100815628872188,"7","APPL1"
"MRPS22",7.37653333637844e-06,1.05642476201875,0.281,0.065,0.101161778175094,"7","MRPS22"
"DNM2",7.40704968027472e-06,1.31565309428921,0.281,0.066,0.101580279315288,"7","DNM2"
"CYBA3",7.49790738607814e-06,0.644484339947652,1,0.845,0.102826301892676,"7","CYBA"
"COMMD91",7.68578479304338e-06,0.992085945689663,0.406,0.118,0.105402852651797,"7","COMMD9"
"PLEKHF21",7.99136390883248e-06,0.414443700764057,0.344,0.087,0.109593564645729,"7","PLEKHF2"
"SBNO1",8.08254121542618e-06,1.21815385549866,0.25,0.055,0.110843970228355,"7","SBNO1"
"RBM17",8.36365252210314e-06,0.787200401005993,0.5,0.155,0.114699130688122,"7","RBM17"
"CLIC14",8.39212725201044e-06,0.651426532545044,1,0.641,0.115089633134071,"7","CLIC1"
"SMIM12",8.49871258012946e-06,0.79392682378955,0.406,0.114,0.116551344323895,"7","SMIM12"
"MRPL9",8.55006531597091e-06,0.500381359791741,0.469,0.136,0.117255595743225,"7","MRPL9"
"IFNAR1",8.66441401803364e-06,1.08266214802416,0.281,0.066,0.118823773843313,"7","IFNAR1"
"FGL22",8.68288276278939e-06,0.897795459612596,0.406,0.123,0.119077054208894,"7","FGL2"
"SLC25A62",8.83644625648827e-06,0.757637573773313,1,0.831,0.12118302396148,"7","SLC25A6"
"FKBP5",9.01135610953396e-06,0.627610884718201,0.312,0.078,0.123581737686149,"7","FKBP5"
"NCKAP1L1",9.03457411971509e-06,0.770141499222402,0.375,0.104,0.123900149477773,"7","NCKAP1L"
"ATP6AP1",9.33007358017157e-06,1.31390832294736,0.312,0.081,0.127952629078473,"7","ATP6AP1"
"PAIP1",9.56597996815134e-06,1.11612382320754,0.281,0.066,0.131187849283227,"7","PAIP1"
"HDAC3",9.67779377636369e-06,1.17443872450135,0.312,0.079,0.132721263849052,"7","HDAC3"
"HMGA1",9.69724227894986e-06,1.08245152755934,0.406,0.119,0.132987980613518,"7","HMGA1"
"SNRNP27",1.00621159841996e-05,1.14556788463552,0.25,0.056,0.137991858607313,"7","SNRNP27"
"ATF3",1.01551248479215e-05,1.5268752488646,0.25,0.057,0.139267382164395,"7","ATF3"
"DCXR",1.04930954727411e-05,0.836659574726586,0.531,0.173,0.143902311313172,"7","DCXR"
"SYNGR21",1.065944388845e-05,0.920952901503875,0.438,0.132,0.146183613486203,"7","SYNGR2"
"MPEG12",1.06622257713962e-05,0.885540399528639,0.375,0.106,0.146221764228927,"7","MPEG1"
"TMEM2191",1.08171258081935e-05,0.44572664920876,0.75,0.27,0.148346063333566,"7","TMEM219"
"MOB1A1",1.10022203456683e-05,0.881117447894996,0.562,0.192,0.150884449820496,"7","MOB1A"
"FAM173A",1.10216065130064e-05,0.536822439611507,0.375,0.101,0.15115031171937,"7","FAM173A"
"TMEM109",1.11313814665781e-05,1.07473436916922,0.406,0.121,0.152655765432652,"7","TMEM109"
"DR1",1.12636370810382e-05,0.865247451128238,0.406,0.116,0.154469518929357,"7","DR1"
"ICT1",1.12786961758982e-05,1.15785950676595,0.281,0.068,0.154676039356267,"7","ICT1"
"C19orf102",1.17006694477784e-05,0.897944144878995,0.594,0.214,0.160462980806833,"7","C19orf10"
"SNAP291",1.20548956048516e-05,1.30264938907985,0.312,0.082,0.165320838324935,"7","SNAP29"
"EIF3L",1.20985727058986e-05,0.967727236855288,0.969,0.543,0.165919826088694,"7","EIF3L"
"VPS291",1.24441060287417e-05,0.806066231254154,0.562,0.193,0.170658470078163,"7","VPS29"
"JOSD2",1.24988277110383e-05,0.959934972514702,0.344,0.092,0.171408923229179,"7","JOSD2"
"SNX51",1.27371908569263e-05,0.513682039755358,0.375,0.103,0.174677835411887,"7","SNX5"
"CLNS1A",1.33533621493598e-05,0.716238244394926,0.594,0.211,0.18312800851632,"7","CLNS1A"
"PDCD7",1.38591123906018e-05,0.986245592923225,0.312,0.08,0.190063867324713,"7","PDCD7"
"HAUS4",1.44654688252199e-05,0.975440611985769,0.281,0.068,0.198379439469066,"7","HAUS4"
"AURKAIP11",1.48642766977236e-05,0.883281154103611,0.719,0.283,0.203848690632582,"7","AURKAIP1"
"ELMO1",1.49254230124019e-05,0.91953638796183,0.281,0.068,0.204687251192079,"7","ELMO1"
"BAG11",1.51317776981852e-05,0.84350924315497,0.531,0.173,0.207517199352912,"7","BAG1"
"S100A112",1.54957414491008e-05,0.431125322789449,1,0.521,0.212508598232969,"7","S100A11"
"IRF71",1.59345176973247e-05,1.98234486077055,0.469,0.161,0.218525975701111,"7","IRF7"
"MCRS1",1.60116916951836e-05,1.0728670798946,0.312,0.081,0.219584339907748,"7","MCRS1"
"VPS72",1.64970361202776e-05,0.770738020859987,0.281,0.068,0.226240353353488,"7","VPS72"
"IGFBP71",1.71185378954331e-05,0.513172343992598,0.312,0.084,0.234763628697969,"7","IGFBP7"
"GNG52",1.72341153661382e-05,1.25962619817141,0.688,0.289,0.236348658131219,"7","GNG5"
"CFL13",1.79179364601101e-05,0.546860466011718,1,0.915,0.24572658061395,"7","CFL1"
"RNF1812",1.83151035493267e-05,0.537536443914037,0.625,0.213,0.251173330075467,"7","RNF181"
"GTF3C6",1.86269056736688e-05,0.750724525281672,0.469,0.145,0.255449384408693,"7","GTF3C6"
"SEC61B1",1.89041170566284e-05,0.923454209177694,0.781,0.314,0.259251061314602,"7","SEC61B"
"POLR2A",1.92599933079851e-05,1.15538820631469,0.281,0.07,0.264131548225708,"7","POLR2A"
"SAMD9L",1.93359037610197e-05,0.766728592590475,0.344,0.095,0.265172584178624,"7","SAMD9L"
"ATP5C11",1.94175810945829e-05,1.49559806990081,0.75,0.305,0.26629270713111,"7","ATP5C1"
"EAF21",1.9627924653598e-05,0.263341710365118,0.344,0.092,0.269177358699443,"7","EAF2"
"TM9SF2",2.04021560181733e-05,0.939378272870618,0.281,0.069,0.279795167633229,"7","TM9SF2"
"INPP5D",2.0476700102634e-05,1.16680684558555,0.312,0.083,0.280817465207523,"7","INPP5D"
"MTCH1",2.08366658747128e-05,1.00550679228868,0.438,0.139,0.285754035805811,"7","MTCH1"
"NDUFAB1",2.09840428304631e-05,1.00596631800207,0.562,0.2,0.287775163376971,"7","NDUFAB1"
"SAT21",2.10033526948372e-05,0.294247943128657,0.531,0.167,0.288039978856998,"7","SAT2"
"ESD",2.15250951096646e-05,0.927982096815521,0.344,0.095,0.29519515433394,"7","ESD"
"ZSWIM7",2.23447743736838e-05,0.634338741489771,0.344,0.092,0.306436235760699,"7","ZSWIM7"
"AOAH2",2.23523182674157e-05,0.907374388947984,0.406,0.123,0.306539692719339,"7","AOAH"
"GNB22",2.25893395062737e-05,0.756014204474456,0.688,0.262,0.309790201989038,"7","GNB2"
"PITHD1",2.26698129488501e-05,0.516287101462882,0.438,0.132,0.31089381478053,"7","PITHD1"
"ARHGAP27",2.4110764323293e-05,1.11306560400579,0.25,0.058,0.33065502192964,"7","ARHGAP27"
"EIF2B1",2.52805130707134e-05,0.8480576548124,0.312,0.084,0.346696956251764,"7","EIF2B1"
"MIIP",2.52848588118137e-05,1.04238341023751,0.25,0.058,0.346756553745214,"7","MIIP"
"PLD3",2.56025825280393e-05,0.954108289255386,0.312,0.084,0.35111381678953,"7","PLD3"
"RPL26L1",2.57458777583874e-05,0.680002076068727,0.312,0.082,0.353078967578525,"7","RPL26L1"
"URM1",2.689114436083e-05,0.895992963187187,0.406,0.124,0.368785153764422,"7","URM1"
"MTHFD2",2.74018238681784e-05,1.43658397780436,0.281,0.073,0.375788612528198,"7","MTHFD2"
"SKAP2",2.89680933440728e-05,1.10600409677639,0.25,0.06,0.397268432120614,"7","SKAP2"
"GDI21",2.9195941534832e-05,1.85188238736799,0.656,0.3,0.400393142208685,"7","GDI2"
"MRPL232",2.94966505927086e-05,0.583393499476914,0.75,0.284,0.404517066228405,"7","MRPL23"
"BABAM1",3.00138881719203e-05,0.442765144292225,0.406,0.12,0.411610462389715,"7","BABAM1"
"MRPL15",3.19237397476968e-05,1.12269227381922,0.281,0.073,0.437802166899914,"7","MRPL15"
"NDUFS62",3.19615892394598e-05,0.815215034049238,0.625,0.226,0.438321234829952,"7","NDUFS6"
"MCMBP",3.25502900653252e-05,1.13628846819578,0.25,0.06,0.446394677955869,"7","MCMBP"
"CAPN22",3.29568551371562e-05,0.539796353763936,0.625,0.217,0.45197031135096,"7","CAPN2"
"NUPL2",3.33494379334276e-05,0.574596255321349,0.25,0.059,0.457354191819026,"7","NUPL2"
"SNX33",3.61991294550723e-05,0.757478534664326,0.938,0.461,0.496434861346862,"7","SNX3"
"ATXN2L",3.65118262206643e-05,0.787025055139431,0.281,0.071,0.50072318479019,"7","ATXN2L"
"PRCP",3.69256348966562e-05,1.10758934381656,0.281,0.073,0.506398156972744,"7","PRCP"
"SSR32",3.71202544129368e-05,0.55232146566015,0.531,0.177,0.509067169019015,"7","SSR3"
"COMMD3",3.71249418695818e-05,2.45250228397606,0.406,0.124,0.509131452799445,"7","COMMD3"
"IFI44L",3.75581683531578e-05,0.568868187144716,0.688,0.262,0.515072720795207,"7","IFI44L"
"CALM22",3.79285121634432e-05,0.748923402841492,0.906,0.536,0.52015161580946,"7","CALM2"
"PHB",3.83852760055259e-05,0.726983987635946,0.594,0.21,0.526415675139782,"7","PHB"
"VAMP81",3.84032103375453e-05,0.666092013760171,0.938,0.503,0.526661626569097,"7","VAMP8"
"LRRC252",3.94870932007851e-05,0.897714098486503,0.344,0.1,0.541525996155567,"7","LRRC25"
"PTRHD1",3.99652176388265e-05,0.851794951750304,0.406,0.127,0.548082994698867,"7","PTRHD1"
"SDHD1",4.01474519371448e-05,0.960305952935546,0.531,0.191,0.550582155866003,"7","SDHD"
"RPS6KA1",4.1035484167784e-05,0.887539113872537,0.312,0.085,0.56276062987699,"7","RPS6KA1"
"ID23",4.15672221112384e-05,0.905029504377995,0.781,0.383,0.570052884033524,"7","ID2"
"UQCR102",4.21585646870337e-05,0.505213664353489,0.875,0.343,0.57816255611798,"7","UQCR10"
"RBPJ",4.23254668973083e-05,0.567259865069915,0.312,0.084,0.580451453029686,"7","RBPJ"
"FAM192A",4.4338454929127e-05,0.885157893806677,0.312,0.086,0.608057570898048,"7","FAM192A"
"NDUFS41",4.47333557436203e-05,1.12256310932192,0.406,0.13,0.613473240668008,"7","NDUFS4"
"MED6",4.55669967511785e-05,0.557846897794741,0.281,0.071,0.624905793445662,"7","MED6"
"SPG212",4.65214697229488e-05,0.327166854953155,0.531,0.172,0.63799543578052,"7","SPG21"
"ATP5G1",4.6637503057001e-05,0.849290337388196,0.562,0.203,0.639586716923711,"7","ATP5G1"
"GRINA1",4.68848120973586e-05,0.844451193562595,0.344,0.099,0.642978313103176,"7","GRINA"
"FLYWCH2",4.71044269099163e-05,1.11238575347998,0.281,0.074,0.645990110642593,"7","FLYWCH2"
"C1QBP1",4.7274028590838e-05,0.661403067559478,0.844,0.367,0.648316028094752,"7","C1QBP"
"NDUFS82",4.79612639638916e-05,0.495089576938503,0.656,0.234,0.657740774000809,"7","NDUFS8"
"FAM49B2",4.91059323228793e-05,0.750688605135314,0.688,0.298,0.673438755875967,"7","FAM49B"
"ITGB71",5.0130081771238e-05,0.521175133783349,0.438,0.137,0.687483941410758,"7","ITGB7"
"BST23",5.31336821423256e-05,0.667162362663624,0.906,0.444,0.728675316899853,"7","BST2"
"EIF4A3",5.32939227306795e-05,1.09836271466064,0.375,0.117,0.730872856328538,"7","EIF4A3"
"PFDN21",5.35599594679859e-05,1.15803444526948,0.531,0.191,0.734521284143958,"7","PFDN2"
"SH3BGRL34",5.58224413749198e-05,0.481802744941185,1,0.857,0.76554896101565,"7","SH3BGRL3"
"TPRKB",6.03236356415682e-05,0.948684663605942,0.25,0.062,0.827278339188466,"7","TPRKB"
"TMEM242",6.09412608647553e-05,0.349951314452521,0.281,0.073,0.835748451499254,"7","TMEM242"
"TPGS1",6.15526947906897e-05,0.94181234969891,0.375,0.118,0.844133656359519,"7","TPGS1"
"TPMT",6.1888178450431e-05,1.0957440119572,0.25,0.063,0.848734479269211,"7","TPMT"
"TMEM208",6.20641397315325e-05,0.39436947842652,0.406,0.124,0.851147612278236,"7","TMEM208"
"SNW1",6.32421797659433e-05,0.404354500789144,0.438,0.137,0.867303253310146,"7","SNW1"
"PSMB5",6.39857222106688e-05,0.948068104042876,0.344,0.102,0.877500194397112,"7","PSMB5"
"ALKBH71",6.43620770721665e-05,0.626075502249638,0.625,0.232,0.882661524967691,"7","ALKBH7"
"NAA10",6.45313634932698e-05,0.686582224903219,0.5,0.17,0.884983118946702,"7","NAA10"
"HEXB",6.64460689638879e-05,0.990707537980228,0.344,0.104,0.911241389770759,"7","HEXB"
"PRPF40A",6.75893215427159e-05,0.722145601156223,0.406,0.127,0.926919955636806,"7","PRPF40A"
"MIR24-21",6.76188584991522e-05,1.270206603671,0.344,0.108,0.927325025457373,"7","MIR24-2"
"SNRPE",6.83444282560952e-05,0.718976900278644,0.469,0.153,0.93727548910409,"7","SNRPE"
"C19orf382",6.85078576216913e-05,0.670234523594723,0.344,0.101,0.939516759423875,"7","C19orf38"
"TMX1",6.9379366407718e-05,0.770038903038029,0.344,0.101,0.951468630915445,"7","TMX1"
"SRA11",6.95608832210759e-05,0.582970086484834,0.344,0.102,0.953957952493835,"7","SRA1"
"VKORC1",7.06676712916021e-05,0.305829289265432,0.406,0.125,0.969136444093031,"7","VKORC1"
"ZNHIT12",7.10476281948758e-05,0.715256636983029,0.688,0.27,0.974347173064526,"7","ZNHIT1"
"PSMG4",7.18943967588093e-05,0.942103683059449,0.25,0.063,0.98595975715031,"7","PSMG4"
"H2AFJ",7.19181560355775e-05,0.827379372295907,0.438,0.149,0.98628559187191,"7","H2AFJ"
"AKR7A2",7.2259163904187e-05,0.774673394052886,0.406,0.13,0.99096217378202,"7","AKR7A2"
"SFT2D11",7.25662819009987e-05,0.702255827476244,0.438,0.144,0.995173989990296,"7","SFT2D1"
"TMEM14C",7.28476219769014e-05,0.808171781734582,0.438,0.15,0.999032287791226,"7","TMEM14C"
"ADPGK",7.3237623466893e-05,0.932719305246206,0.344,0.103,1,"7","ADPGK"
"ACAT1",7.62588335283532e-05,0.970457947980259,0.25,0.063,1,"7","ACAT1"
"ACADM",7.67030430042226e-05,0.603390192339927,0.281,0.075,1,"7","ACADM"
"COX5B2",7.67489598498816e-05,0.536835781016451,0.938,0.498,1,"7","COX5B"
"MX11",7.72391581758125e-05,0.763750753580035,0.562,0.214,1,"7","MX1"
"CYTH41",7.82783962340883e-05,0.633764697294876,0.406,0.128,1,"7","CYTH4"
"LAGE3",7.92318414655213e-05,0.544031554387053,0.375,0.112,1,"7","LAGE3"
"COPE3",7.92996457583683e-05,0.718723846979151,0.906,0.432,1,"7","COPE"
"LGALS32",7.95871150855998e-05,0.382187289687488,0.625,0.242,1,"7","LGALS3"
"C7orf501",7.96583381466043e-05,0.627412413579559,0.469,0.158,1,"7","C7orf50"
"PFN14",7.96717710629391e-05,0.376308221347078,1,0.945,1,"7","PFN1"
"RHOG2",8.03768869941379e-05,0.712722546080989,0.781,0.386,1,"7","RHOG"
"UBE2A1",8.04175596680334e-05,1.06719250324095,0.375,0.12,1,"7","UBE2A"
"GSTO12",8.06654017437847e-05,0.482122587210812,0.719,0.287,1,"7","GSTO1"
"CHCHD51",8.09834885262539e-05,0.633431074074289,0.438,0.144,1,"7","CHCHD5"
"ARRDC11",8.10273122970884e-05,0.792219855878416,0.344,0.102,1,"7","ARRDC1"
"HHEX",8.24952554554503e-05,0.642489618443364,0.281,0.075,1,"7","HHEX"
"ARPC33",8.36380394240166e-05,0.783441703606658,0.969,0.815,1,"7","ARPC3"
"C19orf701",8.41121284500534e-05,0.658495554948384,0.594,0.219,1,"7","C19orf70"
"NRD1",8.58319109640071e-05,0.861028045971313,0.281,0.076,1,"7","NRD1"
"RNPEP1",8.59250213154361e-05,0.912784479477586,0.312,0.09,1,"7","RNPEP"
"GTF2A2",8.87729492307088e-05,0.557872667969966,0.5,0.17,1,"7","GTF2A2"
"CNPPD1",8.89428036057183e-05,0.713207710405733,0.281,0.075,1,"7","CNPPD1"
"PSMA41",8.98946107863452e-05,0.385018015444236,0.438,0.139,1,"7","PSMA4"
"SUPT4H12",9.10427059355179e-05,0.35919936127386,0.75,0.283,1,"7","SUPT4H1"
"LARP7",9.15658951610165e-05,0.979171569879619,0.312,0.091,1,"7","LARP7"
"TOR2A",9.27048920167373e-05,0.946914169032986,0.25,0.064,1,"7","TOR2A"
"MRPL14",9.28731213272194e-05,2.20093517843226,0.438,0.152,1,"7","MRPL14"
"NDUFS31",9.32425626660738e-05,0.686993068320705,0.469,0.162,1,"7","NDUFS3"
"ATP5G32",9.69822241443374e-05,0.702467433728319,0.906,0.426,1,"7","ATP5G3"
"ATIC",9.76137636734542e-05,0.93609432991172,0.312,0.089,1,"7","ATIC"
"PPIA2",9.81770584702613e-05,0.527441515400468,0.969,0.74,1,"7","PPIA"
"VAMP7",9.97631690669021e-05,0.7284645327074,0.25,0.064,1,"7","VAMP7"
"IVNS1ABP",0.000101791040648447,0.848306901844177,0.25,0.064,1,"7","IVNS1ABP"
"TRIAP1",0.000104487191009639,0.628368933170842,0.281,0.076,1,"7","TRIAP1"
"CHPT1",0.000104804505941303,0.635331147634095,0.375,0.116,1,"7","CHPT1"
"CHMP4B2",0.000109438017622532,0.701022579584135,0.5,0.173,1,"7","CHMP4B"
"DECR12",0.000112739370980552,0.754075435702631,0.5,0.183,1,"7","DECR1"
"UFM1",0.000112998098859451,0.745743935585258,0.312,0.089,1,"7","UFM1"
"LAT21",0.000116359164034963,0.398773728475806,0.312,0.09,1,"7","LAT2"
"PABPC11",0.000119592168603022,0.504810034075917,1,0.859,1,"7","PABPC1"
"NUDT22",0.000122354242762412,0.712164740016456,0.312,0.09,1,"7","NUDT22"
"CHCHD3",0.000122780543069245,0.798614035777289,0.281,0.078,1,"7","CHCHD3"
"ZNF131",0.000125846361062498,0.893891285758784,0.25,0.065,1,"7","ZNF131"
"KIAA1143",0.000127891045478501,1.16885179896102,0.25,0.066,1,"7","KIAA1143"
"MTCH2",0.000129717445059629,0.749491307612274,0.281,0.079,1,"7","MTCH2"
"ZFP362",0.000129835227756114,0.461056979704965,1,0.702,1,"7","ZFP36"
"PABPN1",0.000130607835040708,1.16768071293434,0.281,0.08,1,"7","PABPN1"
"OSBPL8",0.000131805250642048,0.750599979353202,0.25,0.065,1,"7","OSBPL8"
"SCNM1",0.000139186336484132,0.749100741986156,0.375,0.12,1,"7","SCNM1"
"MRPL45",0.000143590307772223,0.966960151399494,0.25,0.066,1,"7","MRPL45"
"DNTTIP1",0.000145410223756359,0.629481006277913,0.25,0.067,1,"7","DNTTIP1"
"CD41",0.000149166182536575,1.224406156813,0.344,0.114,1,"7","CD4"
"SSRP1",0.000149626653867196,1.02381089648404,0.281,0.081,1,"7","SSRP1"
"VASP2",0.000150223211774492,0.517149623307211,0.688,0.27,1,"7","VASP"
"HSD17B10",0.000154750563699846,0.595233582200042,0.531,0.193,1,"7","HSD17B10"
"MSN3",0.00015708099832179,0.619536176012472,0.688,0.281,1,"7","MSN"
"MLF2",0.000163216596432925,0.867523026823886,0.406,0.138,1,"7","MLF2"
"COMMD1",0.000164500706013371,0.456815968626534,0.344,0.103,1,"7","COMMD1"
"SERPINB62",0.000171470649577898,0.797402469809377,0.5,0.19,1,"7","SERPINB6"
"RPL7L1",0.000175796891670021,0.401597415692562,0.344,0.107,1,"7","RPL7L1"
"SSB1",0.000176799737633626,0.60639356642065,0.594,0.229,1,"7","SSB"
"YBX12",0.000181838534808687,0.566344409442322,1,0.815,1,"7","YBX1"
"TOMM22",0.000182349208647015,0.428826105180331,0.656,0.248,1,"7","TOMM22"
"CTA-29F11.1",0.000187849482511604,0.98984209028442,0.25,0.068,1,"7","CTA-29F11.1"
"METAP2",0.000188049377409349,0.642886943199339,0.375,0.12,1,"7","METAP2"
"HCK2",0.000189270403615271,0.266352544436551,0.438,0.147,1,"7","HCK"
"SNRPA",0.000189726542383806,0.601784891739418,0.344,0.106,1,"7","SNRPA"
"XAF11",0.000192032608069548,0.75139846924062,0.562,0.207,1,"7","XAF1"
"FMNL11",0.000193104942302069,0.562400184729549,0.562,0.218,1,"7","FMNL1"
"TXNDC171",0.000194433617829892,0.614136125027933,0.344,0.108,1,"7","TXNDC17"
"IMPDH11",0.000201095715257393,1.10772823142268,0.281,0.083,1,"7","IMPDH1"
"PSMB41",0.000202658134456302,0.455956637866779,0.5,0.177,1,"7","PSMB4"
"SEP151",0.000205220726780864,1.19733597590875,0.719,0.292,1,"7","SEP15"
"BRD4",0.000207376832084938,0.8338046525158,0.25,0.068,1,"7","BRD4"
"NAPRT12",0.000207420345222697,0.544760053394581,0.375,0.122,1,"7","NAPRT1"
"SH3BP2",0.000207927744957148,0.791415319972042,0.25,0.067,1,"7","SH3BP2"
"ADI11",0.000208217031782754,0.66961189174885,0.438,0.155,1,"7","ADI1"
"TLN11",0.000208685222923055,0.768325593127741,0.375,0.124,1,"7","TLN1"
"MYADM2",0.000211970320710408,0.525819137547784,0.5,0.186,1,"7","MYADM"
"LINC00152",0.000214551052613254,0.541727356296598,0.312,0.094,1,"7","LINC00152"
"GGCT",0.000216042636527414,0.866636307521396,0.25,0.068,1,"7","GGCT"
"CCNC",0.000221547484308138,0.527051486744022,0.312,0.093,1,"7","CCNC"
"STAT6",0.000228248774573947,0.800976052840579,0.312,0.096,1,"7","STAT6"
"C14orf1",0.000236618192177351,0.346617653587985,0.312,0.096,1,"7","C14orf1"
"H3F3A3",0.000238691533431812,0.509857043591421,0.844,0.38,1,"7","H3F3A"
"C1orf432",0.00023942200203364,0.739207200674072,0.562,0.223,1,"7","C1orf43"
"CD300A2",0.000245037425591565,0.629978469648599,0.375,0.124,1,"7","CD300A"
"RTFDC1",0.000248033334434572,0.358606631611194,0.562,0.207,1,"7","RTFDC1"
"NT5C",0.000250898177523773,0.382710273334306,0.375,0.124,1,"7","NT5C"
"GNAS2",0.000254427997235851,0.721839092689006,0.688,0.295,1,"7","GNAS"
"RPL391",0.00025979855320668,0.689388452692992,0.625,0.271,1,"7","RPL39"
"ANKRD11",0.000260381734898507,0.716721315092327,0.25,0.068,1,"7","ANKRD11"
"COMT2",0.00026190375539592,0.562531051748258,0.438,0.153,1,"7","COMT"
"RGS192",0.000262374969923318,0.560158273678319,0.656,0.266,1,"7","RGS19"
"CYCS1",0.000266168284660084,0.601414620863169,0.719,0.314,1,"7","CYCS"
"NOTCH2NL",0.000272503122027423,1.07232283368337,0.312,0.101,1,"7","NOTCH2NL"
"C11orf48",0.00027401222452883,0.390673137050596,0.406,0.134,1,"7","C11orf48"
"PAK2",0.000275199539478521,0.65499527534091,0.344,0.109,1,"7","PAK2"
"AATF",0.000279551500156794,0.253253785874603,0.344,0.107,1,"7","AATF"
"COX8A2",0.000280135125354741,0.828072597936342,0.812,0.382,1,"7","COX8A"
"TCF252",0.000288729202428284,0.474244468648043,0.656,0.25,1,"7","TCF25"
"RGS101",0.000289235855940762,0.73308112053027,0.812,0.412,1,"7","RGS10"
"STX16",0.000293828799455165,0.53960167804362,0.281,0.083,1,"7","STX16"
"PDIA62",0.000297364075188655,0.575939017236216,0.594,0.236,1,"7","PDIA6"
"UQCRFS12",0.000298863375530756,0.627745590069753,0.688,0.283,1,"7","UQCRFS1"
"POU2F23",0.000307064304661875,0.465421363599495,0.438,0.157,1,"7","POU2F2"
"MX21",0.000315364571588317,0.607206726862921,0.344,0.111,1,"7","MX2"
"LINC00493",0.000316207197963214,0.715665705746148,0.5,0.188,1,"7","LINC00493"
"MRPL3",0.000317682510278416,0.705715924145667,0.344,0.111,1,"7","MRPL3"
"GLIPR12",0.000317716033324533,0.506393752360356,0.531,0.204,1,"7","GLIPR1"
"FKBP1A2",0.000322973077286681,0.554365821751797,0.875,0.461,1,"7","FKBP1A"
"FAM177A1",0.000327604952443439,0.724368271227232,0.344,0.112,1,"7","FAM177A1"
"DEK",0.000328303139015107,0.493192036268713,0.594,0.226,1,"7","DEK"
"FCGR2A2",0.000330128509062,0.334646898222289,0.281,0.083,1,"7","FCGR2A"
"UROS",0.000331110336486251,0.772630799892997,0.344,0.113,1,"7","UROS"
"NUDT1",0.000334073767201959,0.544935610922432,0.312,0.097,1,"7","NUDT1"
"NBPF10",0.000338104807340311,0.628730176150644,0.25,0.07,1,"7","NBPF10"
"NCOA41",0.000338276657148473,0.296363987987857,0.406,0.141,1,"7","NCOA4"
"CCT31",0.000343912555352821,0.274811621248579,0.562,0.206,1,"7","CCT3"
"COX16",0.000352670885337858,0.57510350986662,0.406,0.139,1,"7","COX16"
"GLUD11",0.000354671043969912,0.599490132476326,0.375,0.126,1,"7","GLUD1"
"BAZ1A1",0.000356727610135277,0.638636118196432,0.531,0.212,1,"7","BAZ1A"
"PTPN1",0.000359778442012182,1.07032968291734,0.25,0.072,1,"7","PTPN1"
"C15orf61",0.000365402818760518,0.530379552645535,0.25,0.07,1,"7","C15orf61"
"TOLLIP",0.000365620436941105,0.518127619779683,0.25,0.069,1,"7","TOLLIP"
"GRSF1",0.000367517975208953,0.439257267498171,0.375,0.124,1,"7","GRSF1"
"LCP13",0.000367560410262424,0.602725695402351,0.781,0.382,1,"7","LCP1"
"CD633",0.000370914096503139,0.49662937859946,0.75,0.34,1,"7","CD63"
"NENF",0.000372632768304015,0.811568776445637,0.406,0.147,1,"7","NENF"
"RPS6KB2",0.00037508226809746,0.666061293885678,0.312,0.097,1,"7","RPS6KB2"
"ETHE1",0.000379402889126634,0.312836080173163,0.406,0.137,1,"7","ETHE1"
"CKLF2",0.000386309166290344,0.752050550465816,0.531,0.212,1,"7","CKLF"
"MRPL271",0.00039037450688606,0.797288843723277,0.312,0.099,1,"7","MRPL27"
"RPN1",0.000405983566987178,0.712889699209627,0.344,0.114,1,"7","RPN1"
"TXN21",0.000412835560485325,0.590353333499652,0.438,0.16,1,"7","TXN2"
"OSGEP",0.000428377395852886,0.856664715246983,0.25,0.071,1,"7","OSGEP"
"PDHB",0.000429607401260412,0.732813248795846,0.406,0.145,1,"7","PDHB"
"NOP56",0.000430890777116444,0.454823959527967,0.406,0.141,1,"7","NOP56"
"TMEM179B1",0.00044895810054002,0.56969630872514,0.438,0.158,1,"7","TMEM179B"
"SLC16A31",0.000449249056653001,0.295334680888337,0.25,0.071,1,"7","SLC16A3"
"FAM162A",0.000456183921444309,0.902972786133337,0.375,0.134,1,"7","FAM162A"
"PGD1",0.000459719305446749,0.581226730974798,0.344,0.115,1,"7","PGD"
"NDUFV21",0.00046160950399976,0.565236662419993,0.656,0.277,1,"7","NDUFV2"
"GADD45B2",0.00046486020084302,0.425661113361866,0.562,0.233,1,"7","GADD45B"
"SUB12",0.000465277607328396,0.510140288050946,0.688,0.297,1,"7","SUB1"
"CHCHD22",0.000476648462718776,0.498548180283043,1,0.71,1,"7","CHCHD2"
"WDR74",0.000480743944550222,0.786762495777472,0.312,0.101,1,"7","WDR74"
"LIPA",0.000487947939088018,0.816043876929721,0.312,0.101,1,"7","LIPA"
"NUDC",0.000489203740292377,0.391153242821995,0.562,0.213,1,"7","NUDC"
"PRDX4",0.000491734335479777,0.441736093112463,0.281,0.085,1,"7","PRDX4"
"DHRS4L2",0.000491955650161913,2.06865725122865,0.344,0.118,1,"7","DHRS4L2"
"FASTK",0.000492550491010268,0.872998979861998,0.25,0.073,1,"7","FASTK"
"VPS25",0.000498532784491301,0.586050305446119,0.25,0.074,1,"7","VPS25"
"DPM1",0.000503574678466512,0.659069894914314,0.312,0.101,1,"7","DPM1"
"OAZ22",0.000509381294145017,0.316785501514336,0.438,0.16,1,"7","OAZ2"
"EIF3K1",0.000514671847408277,0.785968049773251,1,0.739,1,"7","EIF3K"
"PPP2R3C",0.000522337265233874,0.814632979311391,0.25,0.074,1,"7","PPP2R3C"
"LACTB",0.000523978612555931,0.894988274218324,0.25,0.074,1,"7","LACTB"
"MRPL11",0.000535237357930152,1.01571276235262,0.406,0.155,1,"7","MRPL11"
"OTUB11",0.000535406837190777,0.356809212157149,0.438,0.158,1,"7","OTUB1"
"HP1BP3",0.000543920911080908,0.470680841543917,0.344,0.114,1,"7","HP1BP3"
"NR4A2",0.000559690357684994,0.95658958032703,0.469,0.198,1,"7","NR4A2"
"SRSF72",0.000561693756077064,1.00653995211513,0.844,0.481,1,"7","SRSF7"
"ATP5A1",0.000565713943003976,0.587093316406164,0.781,0.414,1,"7","ATP5A1"
"COPS8",0.000567536808669944,0.38518827847481,0.281,0.085,1,"7","COPS8"
"GRHPR",0.000581681431067294,0.380479252403337,0.375,0.127,1,"7","GRHPR"
"SLC25A52",0.000585707546796987,1.08331497452383,0.844,0.505,1,"7","SLC25A5"
"SAP30BP",0.00058572192273898,0.518110240052729,0.312,0.101,1,"7","SAP30BP"
"ADSS",0.000589395913686008,0.382759925135533,0.312,0.099,1,"7","ADSS"
"ANXA14",0.000596855851797029,1.10840062336468,0.938,0.589,1,"7","ANXA1"
"PTPLAD2",0.000600258469960036,1.02252729171237,0.281,0.091,1,"7","PTPLAD2"
"ARRB22",0.000612219356663557,0.299747425098088,0.625,0.253,1,"7","ARRB2"
"PPM1G",0.00061466875695193,0.365344165272694,0.438,0.157,1,"7","PPM1G"
"M6PR1",0.000633836876245519,0.359954611843931,0.562,0.218,1,"7","M6PR"
"ATRX",0.000634433649825406,0.386426206142099,0.312,0.099,1,"7","ATRX"
"SEC61G",0.000635506600111579,0.768496884908575,0.344,0.118,1,"7","SEC61G"
"CANX",0.000638415454915719,0.47652640437123,0.406,0.145,1,"7","CANX"
"C9orf1422",0.000649582594614007,0.533902630015215,0.562,0.238,1,"7","C9orf142"
"ACADVL",0.000653999834023589,0.546694398083055,0.312,0.101,1,"7","ACADVL"
"ZBTB7A",0.000661401583524679,0.744114844644425,0.25,0.074,1,"7","ZBTB7A"
"POLR2H",0.000662868168039621,0.48603685771453,0.281,0.086,1,"7","POLR2H"
"GLO1",0.000677199055585831,0.528648842923218,0.375,0.131,1,"7","GLO1"
"ARHGAP41",0.000684957894289795,0.818217741489886,0.344,0.122,1,"7","ARHGAP4"
"ZNF22",0.000685155599205567,0.653725544929011,0.281,0.087,1,"7","ZNF22"
"MRPS16",0.000687607184902905,0.557734889125523,0.344,0.117,1,"7","MRPS16"
"TWF21",0.000707562246618387,0.438312764235071,0.469,0.18,1,"7","TWF2"
"PPP1CB",0.00070759917796881,0.703771419428986,0.25,0.074,1,"7","PPP1CB"
"MED28",0.000714505138621924,0.560169141336693,0.438,0.167,1,"7","MED28"
"ALKBH5",0.000715672389465238,0.382589562812626,0.344,0.114,1,"7","ALKBH5"
"SRP72",0.000724702947846323,0.409347297123974,0.438,0.162,1,"7","SRP72"
"MSRB12",0.000729558103942818,0.765121720631924,0.312,0.106,1,"7","MSRB1"
"PPIB2",0.000735334176842573,0.587643647604351,0.844,0.472,1,"7","PPIB"
"ANP32A",0.000754447201431141,0.471619668641132,0.5,0.193,1,"7","ANP32A"
"XRN2",0.000764982306698636,0.643112782964992,0.375,0.135,1,"7","XRN2"
"PDCD6",0.00077351249165547,0.490510959680369,0.656,0.287,1,"7","PDCD6"
"CCT8",0.000773747947738546,0.791478351777168,0.531,0.221,1,"7","CCT8"
"POP5",0.000781300550713793,0.404675962245789,0.344,0.115,1,"7","POP5"
"UBE2L64",0.000783181429746538,0.414057783226969,0.75,0.341,1,"7","UBE2L6"
"COX6A1P21",0.000784766705570261,0.687190168506206,0.469,0.186,1,"7","COX6A1P2"
"COX20",0.000784899778695669,0.633535848557655,0.25,0.075,1,"7","COX20"
"NDUFB31",0.000804762612266696,0.655050183369298,0.375,0.137,1,"7","NDUFB3"
"COX6A12",0.000804868393170954,0.41109498726307,0.938,0.475,1,"7","COX6A1"
"ARHGAP30",0.000805040962612802,0.288076499732421,0.438,0.16,1,"7","ARHGAP30"
"PRKAR1A1",0.000819716391348368,0.704993474967503,0.438,0.172,1,"7","PRKAR1A"
"NOB1",0.000830189314656282,0.59743686991843,0.312,0.103,1,"7","NOB1"
"STX5",0.00084087379770037,0.471350070922748,0.344,0.117,1,"7","STX5"
"ZNF581",0.000841918887147353,0.678298136061833,0.312,0.104,1,"7","ZNF581"
"NDUFB51",0.000851634110494492,0.644923205951932,0.5,0.21,1,"7","NDUFB5"
"BLCAP",0.000852452207130261,0.780279548954761,0.25,0.077,1,"7","BLCAP"
"HADHB",0.000865702303972204,0.797346678485928,0.375,0.139,1,"7","HADHB"
"ECHDC1",0.000891798450148418,0.38647510703079,0.312,0.106,1,"7","ECHDC1"
"CHMP1B2",0.000893183643387641,0.555100879493693,0.594,0.257,1,"7","CHMP1B"
"NPC22",0.000900926786873812,0.88297993063487,0.812,0.413,1,"7","NPC2"
"DNPH1",0.000926727571497477,0.479773782294587,0.312,0.104,1,"7","DNPH1"
"BRD2",0.000952589671660675,0.661715625315455,0.406,0.154,1,"7","BRD2"
"SURF2",0.000953475034079831,0.675744811342315,0.281,0.091,1,"7","SURF2"
"HSPE11",0.000967292464819636,0.337518506649068,0.531,0.207,1,"7","HSPE1"
"GBAS",0.000969538300155337,0.804858961265201,0.281,0.092,1,"7","GBAS"
"SNRPC",0.000975143491988462,0.423674080987584,0.531,0.209,1,"7","SNRPC"
"ZCRB1",0.000980116472911519,0.397801276176991,0.312,0.103,1,"7","ZCRB1"
"TMEM259",0.00099670961708509,0.758231035447018,0.25,0.077,1,"7","TMEM259"
"RCAN3",0.000996934170494068,0.652139522824167,0.312,0.107,1,"7","RCAN3"
"TRAPPC12",0.0010080674170625,0.443259133924792,0.844,0.446,1,"7","TRAPPC1"
"QDPR",0.0010097816713126,0.650656319585937,0.25,0.076,1,"7","QDPR"
"ZNF511",0.00102612447149042,0.882481628042002,0.281,0.095,1,"7","ZNF511"
"OFD1",0.00105733810068953,0.847811751686903,0.281,0.093,1,"7","OFD1"
"TRAPPC4",0.00105842489799368,0.625654376711561,0.344,0.121,1,"7","TRAPPC4"
"NDUFS2",0.00106006671224179,0.417867065611949,0.438,0.167,1,"7","NDUFS2"
"DRAP12",0.0010602031118474,0.335163033340932,0.938,0.461,1,"7","DRAP1"
"C9orf89",0.00108106369056604,0.917314899481425,0.312,0.109,1,"7","C9orf89"
"GORASP2",0.0011599084011602,0.617550355551808,0.25,0.077,1,"7","GORASP2"
"RTCB",0.00116130809042736,0.554120400122891,0.312,0.106,1,"7","RTCB"
"FLOT2",0.00116335705076609,0.708187673396718,0.281,0.094,1,"7","FLOT2"
"MTMR14",0.00120307343263115,0.604008177546413,0.312,0.106,1,"7","MTMR14"
"ZDHHC12",0.00121781230263873,1.11976154677905,0.312,0.114,1,"7","ZDHHC12"
"EIF2AK2",0.00122896816686136,0.790665280029657,0.312,0.107,1,"7","EIF2AK2"
"TIMMDC1",0.00124757002634479,0.39222042571225,0.281,0.092,1,"7","TIMMDC1"
"NDUFA62",0.00126474617075134,0.339788970322416,0.438,0.163,1,"7","NDUFA6"
"C14orf21",0.00128493719240219,0.783783797405305,0.406,0.166,1,"7","C14orf2"
"HM131",0.00129509213614143,0.701928308957466,0.375,0.139,1,"7","HM13"
"EMC10",0.00129818723809905,0.441484662836136,0.344,0.123,1,"7","EMC10"
"C11orf313",0.00131188473593258,0.512881985828335,0.875,0.441,1,"7","C11orf31"
"DUSP22",0.00131229972100888,0.285195213480233,0.594,0.255,1,"7","DUSP2"
"DCAF7",0.00131283178809904,0.468312895420085,0.25,0.077,1,"7","DCAF7"
"DPM2",0.0013360850590578,0.471527953400541,0.25,0.078,1,"7","DPM2"
"ORMDL1",0.00134576210873583,0.60787852160887,0.469,0.186,1,"7","ORMDL1"
"NUMB",0.00138551978563006,0.311906042446496,0.25,0.078,1,"7","NUMB"
"TRIM22",0.00138825640935747,0.435929924658087,0.5,0.194,1,"7","TRIM22"
"MTDH1",0.00139935154961157,0.583022015513583,0.625,0.272,1,"7","MTDH"
"ILF2",0.0013999636067008,0.460170002482569,0.5,0.199,1,"7","ILF2"
"PSENEN2",0.00141008885805172,0.529935491914368,0.375,0.138,1,"7","PSENEN"
"MIF4GD",0.00142904581148273,0.435856957596465,0.312,0.108,1,"7","MIF4GD"
"ATP6V1F2",0.00151894916337314,0.473206128371178,0.781,0.368,1,"7","ATP6V1F"
"CAPZA22",0.0015368076435418,0.3948961551084,0.5,0.207,1,"7","CAPZA2"
"PSMB32",0.00153832718328406,0.58402394252398,0.781,0.378,1,"7","PSMB3"
"NUP2142",0.00155560617459849,0.46604164857802,0.375,0.142,1,"7","NUP214"
"VBP1",0.00156583269650423,0.533312587367294,0.312,0.11,1,"7","VBP1"
"GNAI22",0.00159805473033692,0.39488966242239,0.531,0.226,1,"7","GNAI2"
"DDIT3",0.00163334192766129,0.388716596766428,0.25,0.079,1,"7","DDIT3"
"SET",0.00164502049417514,0.299059967858283,0.375,0.136,1,"7","SET"
"WAS1",0.00166851365261533,0.642766623761314,0.5,0.218,1,"7","WAS"
"SLC25A32",0.00167616063300868,0.812911747304374,0.906,0.521,1,"7","SLC25A3"
"SRM",0.00169069450793846,0.563482105704244,0.344,0.128,1,"7","SRM"
"MRPL55",0.00171850227255588,0.483365035632499,0.438,0.172,1,"7","MRPL55"
"YDJC",0.00174451460038383,0.536561696470893,0.25,0.08,1,"7","YDJC"
"CASP12",0.0017513643605469,0.635282093309266,0.594,0.268,1,"7","CASP1"
"H2AFV",0.00175263992110852,0.576085569542109,0.562,0.251,1,"7","H2AFV"
"CSDE11",0.0017688147949575,0.376492873072635,0.688,0.299,1,"7","CSDE1"
"TMED92",0.00178350970577545,0.498657698430826,0.562,0.249,1,"7","TMED9"
"SLC31A21",0.00181338146663301,1.13168175139303,0.25,0.087,1,"7","SLC31A2"
"C4orf482",0.00184047600674631,0.330174286842126,0.406,0.156,1,"7","C4orf48"
"LDHA2",0.00185621777481004,0.440211706891315,0.906,0.488,1,"7","LDHA"
"CSNK1D",0.00187543175553695,0.526163421136805,0.25,0.08,1,"7","CSNK1D"
"ACTR21",0.00188426079503423,0.856023458657838,0.438,0.19,1,"7","ACTR2"
"RIN31",0.00188476639653956,0.60074277330203,0.281,0.096,1,"7","RIN3"
"MRPL342",0.00188581345751748,0.611054393107516,0.469,0.192,1,"7","MRPL34"
"UCP22",0.00188749396622723,0.719046286294159,0.875,0.558,1,"7","UCP2"
"PARL",0.00188882971717863,0.421123882350395,0.344,0.126,1,"7","PARL"
"IDH22",0.00190889379174219,0.516440385421611,0.438,0.181,1,"7","IDH2"
"COX5A2",0.0019138040205442,0.348395059508651,0.75,0.35,1,"7","COX5A"
"TRIM38",0.00196486348016278,0.682464452789851,0.25,0.082,1,"7","TRIM38"
"MZT2A2",0.00198420692998247,0.353304829424063,0.594,0.257,1,"7","MZT2A"
"IAH1",0.00207233126023487,0.427865315447227,0.406,0.158,1,"7","IAH1"
"ATF41",0.00208251044371077,0.583099532356917,0.531,0.236,1,"7","ATF4"
"MRPL24",0.00209623573999962,0.470874151804352,0.25,0.081,1,"7","MRPL24"
"POLDIP2",0.00212797592162417,0.606667413149516,0.25,0.083,1,"7","POLDIP2"
"STK17B1",0.00213282852524177,0.48568293533374,0.469,0.194,1,"7","STK17B"
"COX7B",0.00220196450891752,0.670784507829526,0.312,0.116,1,"7","COX7B"
"RAB5C2",0.00220444569416944,0.408849765911323,0.625,0.278,1,"7","RAB5C"
"SPN1",0.00220568092699303,0.356124223469984,0.375,0.142,1,"7","SPN"
"C1orf123",0.0022228904729189,0.602862987775329,0.281,0.097,1,"7","C1orf123"
"NR4A11",0.00224293500349648,1.16373609199355,0.281,0.106,1,"7","NR4A1"
"VCP",0.00224949903351512,0.515236327554047,0.344,0.128,1,"7","VCP"
"MRPS18C",0.00226546149061813,0.408158789935122,0.312,0.112,1,"7","MRPS18C"
"NDUFC2",0.002287386812168,0.868762510076352,0.562,0.253,1,"7","NDUFC2"
"ADA1",0.00229679836018248,0.303317128307283,0.312,0.111,1,"7","ADA"
"TPM32",0.00230214206200174,0.637929279218487,0.844,0.471,1,"7","TPM3"
"ISG152",0.00235542091707441,0.417615253297368,0.844,0.443,1,"7","ISG15"
"PSMD2",0.00237964491429588,0.394848667121728,0.281,0.096,1,"7","PSMD2"
"IDH3B",0.00238802381261793,0.276927032063016,0.438,0.171,1,"7","IDH3B"
"CHMP52",0.00239358971662407,0.913574450962593,0.5,0.218,1,"7","CHMP5"
"APLP22",0.00241071921641445,0.421414797839352,0.406,0.163,1,"7","APLP2"
"BLOC1S12",0.00242717633272305,0.496667624001763,0.625,0.309,1,"7","BLOC1S1"
"STARD7",0.00242867171424521,1.25333386374356,0.25,0.089,1,"7","STARD7"
"UNC1191",0.00246251527483499,0.725693026521205,0.281,0.1,1,"7","UNC119"
"SLIRP1",0.00246873815802706,0.544973751157997,0.312,0.114,1,"7","SLIRP"
"PLEK3",0.00249741154231531,0.478665619905667,0.406,0.167,1,"7","PLEK"
"SCO22",0.00249890298025135,0.565765311026172,0.344,0.131,1,"7","SCO2"
"SNRPB2",0.00254703801583744,0.447326797234139,0.344,0.129,1,"7","SNRPB2"
"IMPDH2",0.00254965124795126,0.355402866282179,0.406,0.16,1,"7","IMPDH2"
"LSM22",0.00256095179469473,0.252125830400266,0.5,0.2,1,"7","LSM2"
"MCL11",0.00256318727611471,0.551664384246807,0.75,0.405,1,"7","MCL1"
"MYEOV21",0.00258808304521496,0.414620097564111,0.531,0.225,1,"7","MYEOV2"
"TPI13",0.00260912380218037,0.480113060764402,0.844,0.504,1,"7","TPI1"
"TMEM256",0.00263783667183604,0.353853426663238,0.406,0.161,1,"7","TMEM256"
"SRSF1",0.00269486166846367,0.626887619191963,0.344,0.131,1,"7","SRSF1"
"PGAM13",0.00270063310152846,0.289340124375896,0.562,0.233,1,"7","PGAM1"
"ASNA1",0.00277818342500358,0.319888021194381,0.344,0.127,1,"7","ASNA1"
"HNRNPC",0.00279106321441569,0.395838112635953,0.844,0.398,1,"7","HNRNPC"
"LSM103",0.00286946916867414,0.298439207886747,0.5,0.208,1,"7","LSM10"
"TMEM230",0.00287607343381779,0.372291292768437,0.688,0.309,1,"7","TMEM230"
"RAD23B",0.00288268103967759,0.564450223576279,0.312,0.115,1,"7","RAD23B"
"FAM89B",0.00289444036307174,0.306834476313114,0.25,0.083,1,"7","FAM89B"
"SRP19",0.0029254594118342,0.360107948431332,0.375,0.145,1,"7","SRP19"
"COX7A2L",0.0029699447771514,0.455911666851568,0.812,0.438,1,"7","COX7A2L"
"ATOX12",0.00297079399908773,0.383468061234763,0.312,0.115,1,"7","ATOX1"
"ENO12",0.00298231605622568,0.40310816604732,0.906,0.561,1,"7","ENO1"
"CCT6A",0.00302735256593323,0.378777365188131,0.406,0.162,1,"7","CCT6A"
"ZYX2",0.00302831266164394,0.349869204583082,0.375,0.148,1,"7","ZYX"
"SNRPB3",0.00305120770209588,0.377798097701032,0.719,0.343,1,"7","SNRPB"
"FKBP2",0.0030623998914947,1.40243268828251,0.344,0.135,1,"7","FKBP2"
"WBSCR22",0.00311989454322181,0.401806566457444,0.406,0.163,1,"7","WBSCR22"
"MIR1422",0.00312194828873102,0.38306115274131,0.406,0.165,1,"7","MIR142"
"CCT51",0.00322439793240581,1.28474176902262,0.438,0.183,1,"7","CCT5"
"NHP2",0.00327406546317466,0.458511606044692,0.531,0.235,1,"7","NHP2"
"WSB12",0.00330220446609109,0.43141174468377,0.438,0.179,1,"7","WSB1"
"ARPC52",0.00337634924546659,0.379069647139719,0.844,0.524,1,"7","ARPC5"
"PPA2",0.00338141511056356,0.471319698730771,0.25,0.087,1,"7","PPA2"
"SDHC1",0.00341548313457585,0.370327702234073,0.5,0.212,1,"7","SDHC"
"SCP21",0.00342119882340142,0.529743989835503,0.562,0.271,1,"7","SCP2"
"NQO2",0.00346732668803007,0.466073579168584,0.25,0.084,1,"7","NQO2"
"PARVG2",0.00346790806397568,0.519330778158359,0.375,0.15,1,"7","PARVG"
"C12orf752",0.00359506746502958,0.384820735616273,0.344,0.135,1,"7","C12orf75"
"ATP5J",0.00362415614472789,1.12167365558796,0.625,0.291,1,"7","ATP5J"
"NFKBIA1",0.00365798644862592,0.257334124647075,0.875,0.451,1,"7","NFKBIA"
"CSNK2B3",0.00368909711337007,0.289809990079071,0.719,0.338,1,"7","CSNK2B"
"TRMT1121",0.00369114861979014,0.250035564583295,0.812,0.373,1,"7","TRMT112"
"AHNAK2",0.00372689388539182,0.435688836774357,0.562,0.271,1,"7","AHNAK"
"CTSC3",0.0037423182845,0.459850899531636,0.562,0.264,1,"7","CTSC"
"PMF1",0.00378551628164447,0.415260580431083,0.344,0.134,1,"7","PMF1"
"ACTR1A",0.00381112109001913,1.89824700354732,0.25,0.089,1,"7","ACTR1A"
"ITGB2-AS1",0.00400503658003637,0.348241069806511,0.281,0.101,1,"7","ITGB2-AS1"
"MLX1",0.00409841168959035,0.277803483544438,0.312,0.116,1,"7","MLX"
"SEPT2",0.00410385521217149,0.497498627228562,0.281,0.102,1,"7","SEPT2"
"IFI62",0.00413522228481411,0.707147735278646,0.688,0.4,1,"7","IFI6"
"PTBP1",0.00415614037582857,0.385890595844373,0.312,0.117,1,"7","PTBP1"
"CYB5R4",0.00421941244059232,0.421312087476043,0.281,0.102,1,"7","CYB5R4"
"ATXN10",0.00427550692847389,0.590820905956128,0.312,0.124,1,"7","ATXN10"
"CAMTA1",0.00427627006173936,0.440309166365617,0.25,0.087,1,"7","CAMTA1"
"TMEM167A",0.00437835707270073,0.720727064848738,0.25,0.089,1,"7","TMEM167A"
"FDX11",0.00441640180922032,0.455778737886546,0.375,0.152,1,"7","FDX1"
"LAMTOR52",0.00441660896624319,0.452981453165919,0.594,0.276,1,"7","LAMTOR5"
"NSL1",0.00443294705579045,0.542476086436794,0.25,0.088,1,"7","NSL1"
"PTP4A21",0.00443459542820634,0.31481584091166,0.531,0.233,1,"7","PTP4A2"
"RAB4A",0.00445475978229215,0.413350670747538,0.312,0.117,1,"7","RAB4A"
"PLP22",0.00448881385227806,0.496373364764783,0.688,0.339,1,"7","PLP2"
"ATP5G21",0.00452576111518455,0.301688262223921,1,0.821,1,"7","ATP5G2"
"DIAPH1",0.00455904744238422,0.421399218822818,0.25,0.088,1,"7","DIAPH1"
"PKM1",0.00457536145923276,0.348414046879895,0.812,0.421,1,"7","PKM"
"STAT1",0.0046161663176465,0.349678802994315,0.344,0.136,1,"7","STAT1"
"SNX6",0.00473999553309512,0.472335402360925,0.375,0.153,1,"7","SNX6"
"MIDN1",0.00478633180348642,0.505633822016037,0.281,0.105,1,"7","MIDN"
"STX72",0.00481371633009564,0.516023809701928,0.312,0.122,1,"7","STX7"
"CLTA2",0.00482920701929701,0.507631844760661,0.594,0.289,1,"7","CLTA"
"PRMT10",0.00487820121474769,0.367963777602179,0.25,0.087,1,"7","PRMT10"
"SNRNP40",0.00490862925314528,0.335869544446426,0.312,0.117,1,"7","SNRNP40"
"DNAJC8",0.00491876506735456,1.87060706766469,0.469,0.216,1,"7","DNAJC8"
"BRK12",0.00497477009437519,0.419379080244723,0.875,0.549,1,"7","BRK1"
"SRSF4",0.00501221902832949,0.253171301016002,0.344,0.133,1,"7","SRSF4"
"IRF2BP2",0.00506928707766363,0.533898096368994,0.281,0.105,1,"7","IRF2BP2"
"ZRANB2",0.00515343840076521,0.298430067366858,0.25,0.087,1,"7","ZRANB2"
"SSR1",0.00515465260974146,0.349058326717428,0.344,0.135,1,"7","SSR1"
"PSMD81",0.00519206196500788,0.630744113749466,0.594,0.297,1,"7","PSMD8"
"TUBB4B1",0.00528710657769338,0.266079855965734,0.344,0.133,1,"7","TUBB4B"
"GPX42",0.00555655268939126,0.502221610796815,0.812,0.541,1,"7","GPX4"
"PRMT1",0.00561474956882768,0.343750161676573,0.438,0.185,1,"7","PRMT1"
"PSME23",0.00569813443467204,0.450152761140378,0.844,0.55,1,"7","PSME2"
"SHARPIN",0.00571302063671841,0.601129254753944,0.25,0.092,1,"7","SHARPIN"
"VDAC2",0.00577314138734786,0.282357443243645,0.625,0.282,1,"7","VDAC2"
"TUBA1A1",0.00612377597918989,0.53565118628339,0.75,0.459,1,"7","TUBA1A"
"RP1-241P17.4",0.00623203213842638,0.324083921541958,0.312,0.12,1,"7","RP1-241P17.4"
"CUEDC2",0.00627892974719169,0.311359458762583,0.312,0.12,1,"7","CUEDC2"
"EIF2AK1",0.00628406257233349,0.51795333884589,0.25,0.091,1,"7","EIF2AK1"
"PDLIM2",0.0062971212010845,0.349901086050258,0.375,0.154,1,"7","PDLIM2"
"COPZ1",0.00630906313722246,0.402849373649317,0.438,0.191,1,"7","COPZ1"
"RPL232",0.00631887485831673,0.377551720113821,1,0.856,1,"7","RPL23"
"CDK5RAP3",0.00639633920804972,0.338499608799894,0.281,0.105,1,"7","CDK5RAP3"
"PDCL31",0.0064436846008662,0.34360405180524,0.312,0.121,1,"7","PDCL3"
"RNF72",0.00646363889872226,0.481232246711898,0.5,0.248,1,"7","RNF7"
"U2AF1L4",0.00647379345723942,0.460799243262227,0.25,0.09,1,"7","U2AF1L4"
"ATP6V0B2",0.00650876965606262,0.285846194996194,0.656,0.334,1,"7","ATP6V0B"
"NDUFA15",0.00656224095339897,0.274234322809749,0.688,0.328,1,"7","NDUFA1"
"ITGAE",0.00660810920363097,0.400864955332189,0.281,0.107,1,"7","ITGAE"
"TNFRSF1A1",0.00667396300889411,0.267357731558609,0.25,0.091,1,"7","TNFRSF1A"
"MID1IP1",0.00669308348366737,0.349813757189125,0.312,0.125,1,"7","MID1IP1"
"POLR2E",0.0067326012047626,0.376186359548926,0.375,0.161,1,"7","POLR2E"
"MRP631",0.0067499204094601,0.412327483524418,0.438,0.198,1,"7","MRP63"
"C20orf272",0.00680382429961979,0.296804885549813,0.312,0.127,1,"7","C20orf27"
"MAGOH",0.00684363010194833,0.282266375921896,0.406,0.173,1,"7","MAGOH"
"KDELR1",0.00693836960724026,0.293321373324236,0.281,0.105,1,"7","KDELR1"
"PRKCSH",0.00707747182376983,0.452820236862226,0.344,0.141,1,"7","PRKCSH"
"RNASEH2B1",0.00722263185091077,0.542537630319037,0.375,0.164,1,"7","RNASEH2B"
"MT-CO12",0.00736960123492958,0.282063883635593,1,0.995,1,"7","MT-CO1"
"ZNF7062",0.00744194636387974,0.45639237721837,0.656,0.309,1,"7","ZNF706"
"MT-ND5",0.00762618703545304,0.745682001771114,0.906,0.512,1,"7","MT-ND5"
"NME4",0.00762649989401742,0.268712588363005,0.312,0.122,1,"7","NME4"
"SF3A3",0.00768088745052387,0.437115594861849,0.25,0.093,1,"7","SF3A3"
"PSMA3",0.00815315478825207,0.642354804722622,0.344,0.15,1,"7","PSMA3"
"MRPS61",0.00817247138652299,0.293221606171133,0.375,0.161,1,"7","MRPS6"
"UBE2J11",0.00841046364129694,0.490582061151071,0.281,0.112,1,"7","UBE2J1"
"TMED21",0.0084664622335433,0.418879441274354,0.562,0.273,1,"7","TMED2"
"PHB2",0.00872639516880147,0.523831363377807,0.438,0.2,1,"7","PHB2"
"C21orf59",0.0087505634740197,0.691403102832522,0.25,0.096,1,"7","C21orf59"
"BEX4",0.00879128995259482,0.491983570369764,0.281,0.113,1,"7","BEX4"
"LYPLA1",0.00883685680962687,0.450687128555339,0.344,0.153,1,"7","LYPLA1"
"ATP1B31",0.00885821950443155,0.327565677712608,0.375,0.163,1,"7","ATP1B3"
"UFC1",0.00893268156666482,0.414648267977288,0.688,0.372,1,"7","UFC1"
"BUD312",0.00893555713326499,0.352378380970719,0.531,0.253,1,"7","BUD31"
"EIF3I1",0.00896429138087362,0.298707067810735,0.656,0.315,1,"7","EIF3I"
"CARD162",0.00899248902058969,0.475709150038703,0.625,0.282,1,"7","CARD16"
"PSMB73",0.00909579652274206,0.380463683673555,0.625,0.312,1,"7","PSMB7"
"FLOT11",0.00911684964090309,1.04659201997335,0.281,0.113,1,"7","FLOT1"
"TSEN34",0.00913654756158788,0.330546760698449,0.25,0.094,1,"7","TSEN34"
"ATRAID1",0.0091559881456027,0.260352431904898,0.594,0.274,1,"7","ATRAID"
"LSM71",0.00956841313925616,0.84451448059935,0.562,0.267,1,"7","LSM7"
"VIMP1",0.00957257766888664,0.542082445639985,0.344,0.15,1,"7","VIMP"
"RFXANK",0.00976850251361538,0.267962847564494,0.281,0.111,1,"7","RFXANK"
"MDH12",0.0098097492155178,0.705389492832539,0.5,0.233,1,"7","MDH1"
"SPARC",0,9.70497631239008,1,0.008,0,"8","SPARC"
"GNG11",0,11.3561041270275,1,0.01,0,"8","GNG11"
"SDPR",0,10.5744327630815,1,0.011,0,"8","SDPR"
"PF4",0,11.1004644307475,1,0.011,0,"8","PF4"
"PPBP",0,11.084397370602,1,0.024,0,"8","PPBP"
"NRGN",0,7.79755232956902,1,0.027,0,"8","NRGN"
"RGS18",0,7.47509976108361,1,0.029,0,"8","RGS18"
"GP9",0,11.4842157845658,0.923,0.002,0,"8","GP9"
"CD9",0,8.99838306357302,0.923,0.025,0,"8","CD9"
"HIST1H2AC",0,8.64618519695563,0.923,0.032,0,"8","HIST1H2AC"
"TPM41",0,5.86703351269917,1,0.126,0,"8","TPM4"
"AP001189.4",0,11.3863861709497,0.846,0.001,0,"8","AP001189.4"
"ITGA2B",0,11.5850222814367,0.846,0.002,0,"8","ITGA2B"
"CLU",0,10.3474566668935,0.846,0.015,0,"8","CLU"
"TUBB1",0,9.9766746372261,0.846,0.015,0,"8","TUBB1"
"RUFY1",0,6.48551959991693,0.846,0.056,0,"8","RUFY1"
"MPP11",0,6.38869972909959,0.846,0.062,0,"8","MPP1"
"TMEM40",0,11.1375179771344,0.769,0.002,0,"8","TMEM40"
"TREML1",0,10.9564904082781,0.769,0.003,0,"8","TREML1"
"PTCRA",0,11.1697752134281,0.769,0.004,0,"8","PTCRA"
"NGFRAP1",0,5.91543618997544,0.846,0.087,0,"8","NGFRAP1"
"CA2",0,9.18919485395229,0.769,0.015,0,"8","CA2"
"GRAP2",0,5.71685725151345,0.846,0.107,0,"8","GRAP2"
"ILK",0,5.37036704802616,0.846,0.109,0,"8","ILK"
"PGRMC1",0,6.85421348938002,0.769,0.037,0,"8","PGRMC1"
"PDLIM11",0,5.24547495461071,0.769,0.059,0,"8","PDLIM1"
"ACTN1",0,5.17657200048123,0.769,0.07,0,"8","ACTN1"
"SEPT5",0,11.1584337788,0.692,0.001,0,"8","SEPT5"
"ACRBP",0,9.61269550858097,0.692,0.009,0,"8","ACRBP"
"F13A1",0,8.11003012671759,0.692,0.01,0,"8","F13A1"
"SNCA",0,7.12280786138213,0.692,0.018,0,"8","SNCA"
"MMD",0,7.97368772608567,0.692,0.018,0,"8","MMD"
"ODC1",0,5.16401736223976,0.769,0.098,0,"8","ODC1"
"LY6G6F",0,14.3586080619875,0.615,0,0,"8","LY6G6F"
"CMTM5",0,10.428732735788,0.615,0.002,0,"8","CMTM5"
"GP1BA",0,9.28678539969225,0.615,0.003,0,"8","GP1BA"
"RP11-367G6.3",0,8.13844425350676,0.615,0.007,0,"8","RP11-367G6.3"
"MYL9",0,9.66844717680453,0.615,0.007,0,"8","MYL9"
"PTGS1",0,7.64699564728826,0.615,0.009,0,"8","PTGS1"
"TPM1",0,7.11875875154204,0.615,0.025,0,"8","TPM1"
"PARVB",0,6.21976572812558,0.615,0.05,0,"8","PARVB"
"MARCH2",0,5.72475109307141,0.615,0.053,0,"8","MARCH2"
"SNN",0,5.86628540299438,0.615,0.065,0,"8","SNN"
"C2orf88",0,11.2236093412777,0.538,0.001,0,"8","C2orf88"
"AC147651.3",0,9.8926531898976,0.538,0.002,0,"8","AC147651.3"
"CLEC1B",0,10.2556152754308,0.538,0.002,0,"8","CLEC1B"
"GAS2L1",0,6.89364850996848,0.538,0.012,0,"8","GAS2L1"
"TSC22D1",0,8.50085116364082,0.538,0.016,0,"8","TSC22D1"
"PLA2G12A",0,5.23158205916292,0.538,0.043,0,"8","PLA2G12A"
"HGD",0,11.1547057541076,0.462,0,0,"8","HGD"
"CLDN5",0,13.2608681916568,0.462,0,0,"8","CLDN5"
"SCGB1C1",0,9.99449098703433,0.462,0.001,0,"8","SCGB1C1"
"C6orf25",0,8.09828803522574,0.462,0.005,0,"8","C6orf25"
"MAP3K7CL",0,7.13170194210075,0.462,0.014,0,"8","MAP3K7CL"
"MLH3",0,5.74713839223001,0.462,0.02,0,"8","MLH3"
"TMEM91",0,5.26031575572078,0.462,0.028,0,"8","TMEM91"
"PNMA1",0,5.55789462529858,0.462,0.03,0,"8","PNMA1"
"ITGB3",0,11.1083580283178,0.385,0,0,"8","ITGB3"
"RP11-879F14.2",0,13.925994034949,0.385,0,0,"8","RP11-879F14.2"
"FAXDC2",0,10.5222208777414,0.385,0.001,0,"8","FAXDC2"
"ESAM",0,9.20420325273517,0.385,0.002,0,"8","ESAM"
"ALOX12",0,8.78171124755914,0.385,0.002,0,"8","ALOX12"
"HIST1H2BJ",0,8.92022326277952,0.385,0.004,0,"8","HIST1H2BJ"
"DMTN",0,8.72413795241145,0.385,0.006,0,"8","DMTN"
"SENCR",0,6.20641539750002,0.385,0.01,0,"8","SENCR"
"TPTEP1",0,6.53412708125464,0.385,0.013,0,"8","TPTEP1"
"P2RX1",0,5.43509895603679,0.385,0.022,0,"8","P2RX1"
"ARHGAP6",0,9.22007285240128,0.308,0,0,"8","ARHGAP6"
"PVALB",0,10.6895345129141,0.308,0,0,"8","PVALB"
"PDZK1IP1",0,10.638746614621,0.308,0.001,0,"8","PDZK1IP1"
"FSTL1",0,9.01430123730693,0.308,0.001,0,"8","FSTL1"
"CTTN",0,9.96818139739823,0.308,0.001,0,"8","CTTN"
"TUBA8",0,9.51131367389551,0.308,0.001,0,"8","TUBA8"
"C19orf33",0,9.04199702478113,0.308,0.002,0,"8","C19orf33"
"ANKRD9",0,7.57961500028402,0.308,0.004,0,"8","ANKRD9"
"ABCC3",0,7.11747129195909,0.308,0.005,0,"8","ABCC3"
"SCFD2",0,6.33701322981798,0.308,0.01,0,"8","SCFD2"
"FAM63A",0,5.91945694191515,0.308,0.011,0,"8","FAM63A"
"HIST1H2BD",0,5.57174812474819,0.308,0.012,0,"8","HIST1H2BD"
"FAH",0,5.90165479681264,0.308,0.013,0,"8","FAH"
"NCOA42",2.22044604925031e-16,6.06382359072872,0.846,0.141,3.04511971194188e-12,"8","NCOA4"
"CTSA1",2.22044604925031e-16,5.07796027444532,0.846,0.148,3.04511971194188e-12,"8","CTSA"
"DAAM1",4.44089209850063e-16,4.86734322136234,0.308,0.016,6.09023942388376e-12,"8","DAAM1"
"TUBA1C",1.11022302462516e-15,4.82140260257728,0.538,0.053,1.52255985597094e-11,"8","TUBA1C"
"H1F0",1.11022302462516e-15,4.19101402402691,0.385,0.025,1.52255985597094e-11,"8","H1F0"
"KIAA0513",2.22044604925031e-15,5.52072752453605,0.308,0.017,3.04511971194188e-11,"8","KIAA0513"
"MGLL",6.43929354282591e-15,5.22842663459997,0.308,0.017,8.83084716463145e-11,"8","MGLL"
"CAPN1",7.7715611723761e-15,4.15710961930824,0.769,0.122,1.06579189917966e-10,"8","CAPN1"
"HIST1H2BK",1.15463194561016e-14,5.29877775533462,0.615,0.076,1.58346225020978e-10,"8","HIST1H2BK"
"CHMP6",1.57651669496772e-14,4.23761280498799,0.538,0.055,2.16203499547873e-10,"8","CHMP6"
"MFSD11",2.95319324550292e-14,5.44949887540318,0.538,0.059,4.0500092168827e-10,"8","MFSD1"
"GMPR",5.21804821573824e-14,5.69006577257192,0.308,0.019,7.15603132306342e-10,"8","GMPR"
"CD151",5.88418203051333e-14,5.18944674474777,0.462,0.043,8.06956723664598e-10,"8","CD151"
"FHL1",9.88098491916389e-14,5.17610459355599,0.385,0.03,1.35507827181414e-09,"8","FHL1"
"FERMT31",1.89626092605977e-13,4.87250965704498,0.846,0.181,2.60053223399836e-09,"8","FERMT3"
"RNF11",2.34923192010683e-13,5.02257539951923,0.538,0.062,3.22173665523451e-09,"8","RNF11"
"ABHD16A",4.66737759552416e-13,5.12610019252475,0.308,0.02,6.40084163450183e-09,"8","ABHD16A"
"HIST2H2BE",6.20392626160537e-13,4.80502486191214,0.385,0.032,8.50806447516561e-09,"8","HIST2H2BE"
"CALM31",6.99440505513849e-13,3.86386735447881,1,0.36,9.59212709261692e-09,"8","CALM3"
"GSN1",1.26965105096133e-12,5.25544784090429,0.462,0.048,1.74119945128837e-08,"8","GSN"
"CD27-AS1",1.35380595622792e-12,4.83594688148337,0.308,0.021,1.85660948837096e-08,"8","CD27-AS1"
"RSU1",2.94497759512069e-12,4.08658294026308,0.692,0.116,4.03874227394851e-08,"8","RSU1"
"GPX12",4.50017800801561e-12,4.97141635439093,1,0.42,6.17154412019261e-08,"8","GPX1"
"MCUR1",4.85100848379716e-12,4.98959539303358,0.462,0.049,6.65267303467942e-08,"8","MCUR1"
"CCL52",5.6834537076611e-12,3.07829217720648,1,0.313,7.79428841468643e-08,"8","CCL5"
"CDKN2D2",6.85895784613422e-12,4.39795593015638,0.846,0.219,9.40637479018847e-08,"8","CDKN2D"
"RGS102",8.71791527856658e-12,4.15994140758887,1,0.414,1.19557490130262e-07,"8","RGS10"
"SLC40A1",9.34763377813397e-12,5.58233178059265,0.385,0.036,1.28193449633329e-07,"8","SLC40A1"
"PRDX61",3.92812449234725e-11,3.91114600694297,0.923,0.283,5.38702992880502e-07,"8","PRDX6"
"TUBA4A2",4.83038053999962e-11,4.70698570255483,0.846,0.248,6.62438387255548e-07,"8","TUBA4A"
"UBL4A",6.37105923573245e-11,4.27999572612627,0.462,0.056,8.73727063588348e-07,"8","UBL4A"
"TAGLN21",1.08457909320236e-10,3.92306660433367,1,0.51,1.48739176841772e-06,"8","TAGLN2"
"MPST1",1.59946944577882e-10,4.29602019634957,0.462,0.058,2.19351239794108e-06,"8","MPST"
"LIMS12",2.59970489580041e-10,4.41835080894065,0.692,0.153,3.56523529410069e-06,"8","LIMS1"
"XPNPEP1",2.95274915629307e-10,5.3560602274842,0.385,0.041,4.04940019294031e-06,"8","XPNPEP1"
"YWHAH3",3.03940650425716e-10,4.10006421956775,0.769,0.195,4.16824207993827e-06,"8","YWHAH"
"H3F3A4",9.19675446908741e-10,3.49461861347666,0.923,0.383,1.26124290789065e-05,"8","H3F3A"
"PACSIN2",1.52172607847945e-09,3.69924705691738,0.385,0.044,2.08689514402671e-05,"8","PACSIN2"
"NT5C3A",2.2546693401182e-09,3.68475047488538,0.538,0.092,3.0920535330381e-05,"8","NT5C3A"
"TMEM140",2.28006280522663e-09,4.44613649573603,0.308,0.029,3.12687813108781e-05,"8","TMEM140"
"GLA",2.96123592313791e-09,4.57786120806678,0.308,0.029,4.06103894499132e-05,"8","GLA"
"MYL64",3.63417873572303e-09,2.37646291962118,1,0.852,4.98391271817056e-05,"8","MYL6"
"OAZ12",4.85570983421724e-09,2.67157323832133,1,0.912,6.65912046664552e-05,"8","OAZ1"
"HIST1H1C",5.1621820151837e-09,3.87478717388154,0.462,0.067,7.07941641562293e-05,"8","HIST1H1C"
"CYB5R1",5.20356224775753e-09,4.70234628911613,0.385,0.048,7.13616526657468e-05,"8","CYB5R1"
"DNAJB61",1.1222717199999e-08,4.1040374366519,0.692,0.182,0.000153908343680786,"8","DNAJB6"
"SWI5",1.17381169228992e-08,4.25797543719827,0.385,0.049,0.000160976535480639,"8","SWI5"
"MYL12A3",1.21063361557816e-08,2.39299179477982,1,0.874,0.000166026294040389,"8","MYL12A"
"ASAH12",1.23029655352269e-08,3.11621369668909,0.769,0.244,0.000168722869350102,"8","ASAH1"
"AGPAT1",1.34747781821432e-08,3.54350427624177,0.308,0.031,0.000184793107989911,"8","AGPAT1"
"LEPROT",1.36486300039707e-08,4.0521808180569,0.462,0.073,0.000187177311874454,"8","LEPROT"
"TPST22",1.77428658432177e-08,3.63721717816987,0.615,0.141,0.000243325662173888,"8","TPST2"
"ITM2B1",2.1179539233529e-08,2.26698097053058,1,0.792,0.000290456201048617,"8","ITM2B"
"SH3BGRL35",2.34812940203e-08,2.62488344364348,1,0.858,0.000322022466194394,"8","SH3BGRL3"
"LAMTOR12",3.48341806510888e-08,3.63540408623546,0.846,0.342,0.000477715953449032,"8","LAMTOR1"
"ARPC53",3.71665394016674e-08,2.60860460546851,0.923,0.526,0.000509701921354466,"8","ARPC5"
"H2AFJ1",3.95652983709027e-08,3.9236499365346,0.615,0.15,0.00054259850185856,"8","H2AFJ"
"OST41",4.04389597363775e-08,2.65889951788562,0.923,0.565,0.00055457989382468,"8","OST4"
"RDH11",4.70979508726543e-08,3.73626362135533,0.462,0.074,0.000645901298267582,"8","RDH11"
"FKBP1A3",5.84147683557745e-08,2.71692269195962,0.923,0.464,0.000801100133231092,"8","FKBP1A"
"ACTB4",6.87186478831592e-08,2.44370314770838,1,0.993,0.000942407537069645,"8","ACTB"
"MAX",8.7807114468319e-08,4.2499922175257,0.615,0.153,0.00120418676781853,"8","MAX"
"GNB5",9.71618827616538e-08,3.91765741363407,0.308,0.034,0.00133247806019332,"8","GNB5"
"TIMP12",1.05771139624622e-07,2.56966926536471,0.846,0.326,0.00145054540881207,"8","TIMP1"
"ARPC1B3",1.64905024746531e-07,2.76491056764427,1,0.747,0.00226150750937393,"8","ARPC1B"
"NENF1",2.74006293876639e-07,3.16148437244303,0.615,0.148,0.00375772231422422,"8","NENF"
"PYGL",3.03767135667599e-07,4.20520474096603,0.308,0.038,0.00416586249854545,"8","PYGL"
"RIOK3",3.34336393237322e-07,3.93370698108226,0.385,0.06,0.00458508929685664,"8","RIOK3"
"RAB11A1",4.49990242401554e-07,4.01954830256331,0.538,0.121,0.00617116618429492,"8","RAB11A"
"SAT12",4.74938403716152e-07,2.37283871918079,0.923,0.589,0.00651330526856331,"8","SAT1"
"APP",4.92869761670178e-07,4.90590053407191,0.308,0.04,0.00675921591154482,"8","APP"
"TMSB4X2",5.37841848835541e-07,1.85409345837469,1,1,0.00737596311493061,"8","TMSB4X"
"NAP1L11",6.66754209177611e-07,2.58291739401784,0.923,0.576,0.00914386722466176,"8","NAP1L1"
"PYCR2",7.25568686466005e-07,3.52079305830255,0.462,0.091,0.00995044896619479,"8","PYCR2"
"DAP",7.35962033759918e-07,3.40407182872487,0.385,0.061,0.0100929833309835,"8","DAP"
"RAP1B3",1.13860291350854e-06,3.75820959866246,0.769,0.362,0.0156148003558561,"8","RAP1B"
"WDR12",1.36944083961588e-06,3.15830343874934,0.692,0.261,0.0187805116744921,"8","WDR1"
"MTPN1",1.37081931050886e-06,3.09912394308527,0.538,0.129,0.0187994160243186,"8","MTPN"
"RABGAP1L1",1.38439092478571e-06,3.75679846705006,0.462,0.094,0.0189855371425112,"8","RABGAP1L"
"PTPN182",1.47853232013162e-06,3.37796228163173,0.538,0.14,0.020276592238285,"8","PTPN18"
"ATP2A3",1.69889529044731e-06,3.73796534790599,0.385,0.064,0.0232986500131944,"8","ATP2A3"
"TALDO12",2.15598589092814e-06,4.43436015922356,0.769,0.368,0.0295671905081885,"8","TALDO1"
"DYNLL12",3.16865700233926e-06,3.19161456724488,0.769,0.338,0.0434549621300806,"8","DYNLL1"
"TAX1BP3",3.60020987488774e-06,4.05373992265461,0.385,0.069,0.0493732782242104,"8","TAX1BP3"
"GPX43",6.11862998356472e-06,1.87971899299819,0.846,0.543,0.0839108915946065,"8","GPX4"
"USF21",6.31849591536948e-06,3.61168494466004,0.462,0.102,0.0866518529833771,"8","USF2"
"PKM2",6.41397430034552e-06,2.94620279698213,0.846,0.423,0.0879612435549384,"8","PKM"
"RAB101",7.13196188129039e-06,3.02437416540652,0.538,0.149,0.0978077252400165,"8","RAB10"
"SRGN4",8.06474102277299e-06,3.26484952255458,0.923,0.597,0.110599858386309,"8","SRGN"
"HMGB13",1.0181726500802e-05,1.67447131981041,0.923,0.632,0.139632197231998,"8","HMGB1"
"NDUFAF3",1.69707244843664e-05,3.27713404662049,0.615,0.218,0.232736515578601,"8","NDUFAF3"
"ARF12",1.95410138825736e-05,2.4878873131724,0.769,0.453,0.267985464385614,"8","ARF1"
"MTFR1L",1.98503399491123e-05,3.45038602933415,0.308,0.05,0.272227562062127,"8","MTFR1L"
"RBBP6",2.17689809423049e-05,3.57904278580109,0.462,0.123,0.29853980464277,"8","RBBP6"
"TLN12",3.59698439180711e-05,3.17845010455679,0.462,0.125,0.493290439492427,"8","TLN1"
"ADIPOR1",3.97164900840519e-05,3.55075137841516,0.462,0.13,0.544671945012687,"8","ADIPOR1"
"PPDPF1",4.34264276931717e-05,1.56644000921308,0.923,0.809,0.595550029384157,"8","PPDPF"
"TACC3",4.659420684483e-05,3.38858522669211,0.308,0.054,0.638992952669998,"8","TACC3"
"STX112",4.96705791850349e-05,3.12756136973762,0.462,0.132,0.681182322943569,"8","STX11"
"SNX34",5.0574040103335e-05,1.69967164149752,0.846,0.465,0.693572385977136,"8","SNX3"
"VDAC31",5.31823294078748e-05,6.15662866257195,0.538,0.168,0.729342465499595,"8","VDAC3"
"UBAC2",6.81657810384095e-05,2.89431460938007,0.462,0.133,0.934825521160748,"8","UBAC2"
"ACTG15",7.68761801186457e-05,1.19892523979872,0.923,0.864,1,"8","ACTG1"
"SOD22",0.000133577857255984,2.76693369749698,0.538,0.201,1,"8","SOD2"
"SERF23",0.000149907885271139,1.5172819455209,0.923,0.856,1,"8","SERF2"
"RAB37",0.000154234020498301,3.16603015356789,0.308,0.061,1,"8","RAB37"
"SLC39A31",0.000156773166414936,3.48083138480358,0.308,0.062,1,"8","SLC39A3"
"ITGB1",0.000158284532941977,3.30070456823604,0.308,0.063,1,"8","ITGB1"
"LMNA1",0.000164154166577335,3.20187762413378,0.308,0.062,1,"8","LMNA"
"SNAP231",0.000165202847496326,3.61803884316029,0.462,0.142,1,"8","SNAP23"
"TGFB13",0.000167685518701166,2.57887108021845,0.538,0.198,1,"8","TGFB1"
"CD992",0.000176467573832717,2.23435005152808,0.769,0.505,1,"8","CD99"
"TMEM50A2",0.000198424050702695,2.61554459032792,0.615,0.265,1,"8","TMEM50A"
"SPINT21",0.000215809243945042,3.59408473783746,0.462,0.154,1,"8","SPINT2"
"C9orf162",0.000228935539015707,2.8300381583385,0.692,0.363,1,"8","C9orf16"
"ABTB1",0.000240431212503278,3.45386481719153,0.385,0.097,1,"8","ABTB1"
"GSTO13",0.000272906969497333,4.14568489102704,0.615,0.291,1,"8","GSTO1"
"WBP21",0.000278837952105704,3.44996690548515,0.462,0.153,1,"8","WBP2"
"C9orf891",0.000334771947335666,3.33548884425617,0.385,0.11,1,"8","C9orf89"
"SPNS1",0.000387983545654169,2.77731048928439,0.308,0.066,1,"8","SPNS1"
"MAGED2",0.000523353111237856,2.83349189492246,0.385,0.107,1,"8","MAGED2"
"DBNL1",0.000640379586339002,2.65424140199113,0.538,0.241,1,"8","DBNL"
"ARHGDIB2",0.000738995266511999,1.16080263987563,1,0.915,1,"8","ARHGDIB"
"FLNA3",0.000851115933785174,2.74588835643113,0.538,0.211,1,"8","FLNA"
"GLUL2",0.000852609380863401,3.0859508956876,0.385,0.121,1,"8","GLUL"
"SH3BGRL2",0.000988124114699396,2.02627649658138,0.692,0.442,1,"8","SH3BGRL"
"HLA-E2",0.00103073430664935,1.5244498270221,0.923,0.887,1,"8","HLA-E"
"CYB5R3",0.00107097667260048,2.93324828311045,0.308,0.076,1,"8","CYB5R3"
"UBXN11",0.00126074284194999,2.92893178205318,0.308,0.078,1,"8","UBXN11"
"SECISBP2",0.00128142877593751,3.68204254423777,0.308,0.08,1,"8","SECISBP2"
"RAB4A1",0.00135193380194187,3.51569082338979,0.385,0.118,1,"8","RAB4A"
"GAPDH2",0.00142529848658568,1.10184998045268,0.923,0.851,1,"8","GAPDH"
"ETFA2",0.00142748533860071,3.61872761336523,0.385,0.132,1,"8","ETFA"
"G6PD",0.00153795710256799,3.06347105799392,0.308,0.082,1,"8","G6PD"
"RAB323",0.00172606012049359,2.78693430666864,0.308,0.085,1,"8","RAB32"
"CAMTA11",0.00190726953104714,3.81589819629404,0.308,0.088,1,"8","CAMTA1"
"VAPA",0.00210178535470384,2.1045413105045,0.538,0.288,1,"8","VAPA"
"RNF10",0.0023685824107369,2.72586747012777,0.308,0.079,1,"8","RNF10"
"STOM",0.00248584088899761,2.84523007989098,0.308,0.082,1,"8","STOM"
"HLA-C2",0.00266717419769047,1.20484906837017,1,0.981,1,"8","HLA-C"
"HSPB1",0.00277516760791752,2.44027343925437,0.385,0.124,1,"8","HSPB1"
"SVIP",0.0030087101857923,3.52542665758078,0.385,0.133,1,"8","SVIP"
"DIAPH11",0.00306254469537759,2.85158183814508,0.308,0.089,1,"8","DIAPH1"
"SQSTM11",0.00345748782383226,2.8164624379582,0.462,0.206,1,"8","SQSTM1"
"TMBIM1",0.00400700907450657,3.11989152395544,0.308,0.094,1,"8","TMBIM1"
"LDLRAP1",0.00419704375291974,1.92250311284897,0.385,0.126,1,"8","LDLRAP1"
"TMED3",0.00435235441383286,2.815123545653,0.308,0.098,1,"8","TMED3"
"TUBB4B2",0.00464220735170806,2.4931874521549,0.385,0.134,1,"8","TUBB4B"
"ARF31",0.00477034448419,2.49751707154008,0.308,0.09,1,"8","ARF3"
"RBX12",0.00487761146149812,2.0083465697925,0.538,0.291,1,"8","RBX1"
"ALDOA2",0.00498446890516457,1.46836414049016,0.769,0.707,1,"8","ALDOA"
"TMEM2192",0.00528171727864102,2.21667929424175,0.538,0.274,1,"8","TMEM219"
"FTH12",0.00531313048921422,0.427093313871087,1,0.99,1,"8","FTH1"
"CERS2",0.00548862768785452,2.27097017443884,0.308,0.09,1,"8","CERS2"
"TPM33",0.00580969405731024,2.40563296236469,0.692,0.474,1,"8","TPM3"
"EIF4G21",0.0068645545723991,2.45684459400219,0.538,0.31,1,"8","EIF4G2"
"SKP12",0.00690226087063661,1.35892578702031,0.692,0.466,1,"8","SKP1"
"TUBA1B2",0.0074526862014066,1.89437859344986,0.615,0.431,1,"8","TUBA1B"
"TSC22D32",0.00775883355397777,1.00092979112106,0.769,0.753,1,"8","TSC22D3"
"SRP14",0.00851161071740281,1.01763715749509,0.846,0.782,1,"8","SRP14"
"TRAPPC13",0.00886949572653162,2.51111263815305,0.692,0.449,1,"8","TRAPPC1"
"AP2M1",0.00994652721237554,2.06707705152694,0.538,0.309,1,"8","AP2M1"
